Income_INR,Village_Risk_Score,Loan_Size_INR,Past_Repayment_History,Default
12687,0.188,9075,1,0
9236,0.17,12685,0,0
13682,0.511,29596,1,0
21194,0.319,52259,1,1
8803,0.384,10603,0,0
8803,0.085,6074,0,0
21798,0.461,34671,1,0
14526,0.326,34607,2,0
7826,0.061,14070,1,0
12981,0.401,21608,1,0
7850,0.245,8238,0,1
7841,0.303,13120,1,1
11169,0.141,25219,1,0
5000,0.311,5943,0,1
5000,0.041,5000,2,0
7471,0.097,10534,2,0
5964,0.518,7097,2,1
11581,0.242,16061,1,0
6285,0.191,5000,2,0
5000,0.305,5530,1,0
20595,0.365,43986,2,1
8840,0.261,10968,2,0
10237,0.694,24902,0,1
5000,0.337,9442,0,0
7538,0.247,8810,0,0
10461,0.028,9713,2,0
5566,0.144,10238,1,0
11942,0.255,12362,1,1
7329,0.045,17198,2,0
8553,0.361,5511,2,0
7325,0.084,5000,2,0
24987,0.212,21593,0,1
9830,0.248,16455,1,1
5832,0.58,12559,2,0
14932,0.721,11307,1,0
5375,0.434,8750,1,1
10986,0.161,7720,2,0
5000,0.243,7913,2,0
5094,0.182,5000,1,0
10920,0.208,17160,1,0
14317,0.203,21415,2,0
10782,0.14,5283,0,1
9341,0.37,17260,1,1
8513,0.416,13636,2,0
5000,0.149,8542,1,0
6905,0.159,10444,1,0
7861,0.482,15063,1,0
16790,0.14,25227,1,0
11752,0.356,27462,1,1
5000,0.518,11906,2,0
11638,0.107,22415,1,0
8163,0.163,18896,1,0
7055,0.175,16499,0,0
13437,0.22,12768,1,0
16572,0.287,41219,2,0
15766,0.177,15161,1,0
6505,0.335,5000,2,0
8479,0.378,20525,1,0
11679,0.776,10159,1,1
16119,0.485,26220,0,1
7788,0.36,18991,2,0
9019,0.256,5000,1,0
5692,0.222,5496,1,0
5441,0.461,9134,0,1
14857,0.206,29735,2,0
19499,0.21,40859,2,0
9547,0.141,21539,1,1
16346,0.221,12320,1,1
11858,0.12,13958,1,1
7168,0.263,13619,2,0
11857,0.211,22554,2,0
21354,0.279,22356,1,0
9721,0.258,10099,2,0
21640,0.381,23227,1,0
5000,0.274,11366,1,1
14927,0.336,34481,2,1
10337,0.338,5000,1,0
8522,0.308,9226,2,0
10361,0.323,12675,0,1
5000,0.225,12315,1,0
8867,0.547,21129,0,1
11831,0.314,20344,2,0
20721,0.065,10282,0,0
7637,0.131,6122,0,0
6606,0.312,8666,0,1
7701,0.233,18590,1,0
15641,0.273,9367,1,0
11665,0.055,24052,0,1
7594,0.336,6086,0,1
12792,0.076,18760,0,1
10389,0.52,20889,1,0
16063,0.173,29786,1,0
6967,0.304,14137,1,0
8401,0.136,17714,0,0
8135,0.03,8477,2,0
5000,0.125,5822,1,0
11476,0.22,24250,2,0
11277,0.055,5425,2,0
9922,0.662,14688,2,0
8801,0.26,20533,2,0
5000,0.157,11292,1,1
8019,0.436,16753,0,1
8338,0.219,5000,0,0
6626,0.37,15003,2,0
9130,0.112,21132,1,1
12112,0.447,21726,2,1
25414,0.133,26119,1,0
10799,0.254,15431,2,0
11257,0.251,22531,2,0
9535,0.495,20094,0,1
5000,0.291,5605,2,1
9766,0.309,10594,1,0
10199,0.415,19848,2,1
33915,0.118,62449,2,0
8989,0.211,13284,2,0
11507,0.436,14759,0,1
9726,0.345,17314,0,1
5517,0.224,5000,2,0
17525,0.392,9795,2,0
14414,0.173,23112,0,0
14698,0.175,12370,1,0
6281,0.15,12732,0,1
19958,0.328,40354,1,0
5000,0.167,9454,2,1
13272,0.507,30493,1,1
29591,0.765,20588,0,1
6031,0.143,5696,2,0
7456,0.226,6933,1,0
10402,0.383,21252,1,1
7694,0.328,11501,0,1
5000,0.201,5000,0,1
10242,0.327,7031,1,1
5818,0.37,13239,2,0
12541,0.383,23245,1,1
6249,0.536,9436,1,0
21481,0.398,52147,2,0
6690,0.22,14611,2,0
8425,0.146,6521,1,0
14864,0.22,21807,1,1
5348,0.313,7598,2,0
11089,0.073,24096,1,1
19026,0.249,13567,0,1
5000,0.614,6743,1,1
10854,0.788,18851,2,1
11270,0.309,26880,2,0
14631,0.075,33482,1,0
5332,0.354,8110,1,0
5114,0.067,8561,2,0
12848,0.2,28138,0,1
11481,0.318,22540,2,0
11217,0.374,25201,1,0
11768,0.537,26850,0,1
7044,0.071,15134,1,0
11115,0.263,5000,0,1
11459,0.182,12065,1,1
6924,0.388,8637,1,1
25156,0.109,45876,0,0
12542,0.088,13099,1,0
5455,0.279,5888,1,0
13742,0.043,17047,1,0
6079,0.456,14628,0,1
14669,0.356,19335,1,1
17664,0.254,12283,2,0
6565,0.189,5000,2,0
16021,0.268,14369,1,0
12165,0.259,28851,1,0
14928,0.525,35910,1,1
25550,0.53,38603,0,1
8754,0.517,15384,2,0
6789,0.555,14063,2,0
6343,0.348,5000,0,1
6582,0.171,7806,1,0
9522,0.479,16652,1,0
11737,0.547,26836,1,1
11365,0.435,21894,1,0
14966,0.442,16989,2,0
9961,0.198,23021,1,1
20471,0.45,36759,2,0
8670,0.14,18584,2,0
38564,0.512,46646,0,1
13532,0.212,5474,0,0
6447,0.085,5000,2,0
5793,0.588,13598,0,1
12597,0.447,5915,0,0
8850,0.368,14618,2,0
14143,0.335,17808,1,1
12539,0.208,16327,1,0
9543,0.411,11849,0,1
6480,0.142,5000,2,0
5000,0.102,5000,2,0
7916,0.508,5000,1,1
15187,0.436,7794,1,0
11015,0.501,6386,0,0
5308,0.626,9889,2,0
10792,0.129,6905,2,0
11999,0.364,11389,1,1
6361,0.253,11321,2,0
10687,0.395,6794,2,1
10189,0.21,23553,1,0
5588,0.477,7839,2,1
11835,0.444,28671,0,1
13100,0.352,10536,2,0
17009,0.041,7897,0,0
16762,0.231,27483,1,0
5000,0.613,5451,2,0
6192,0.396,9920,1,0
12804,0.521,17857,2,0
12796,0.049,17403,0,0
12804,0.045,28008,1,1
40000,0.252,32114,0,1
13166,0.36,19081,0,1
17462,0.397,22239,1,0
15946,0.218,28941,1,0
13707,0.272,6926,1,0
8453,0.08,12780,1,0
14464,0.315,20322,1,0
6725,0.117,16439,1,0
8791,0.433,17471,0,1
7764,0.269,5632,1,1
10310,0.425,15150,1,1
31486,0.18,64417,1,1
5000,0.303,7507,2,0
13948,0.181,16027,1,0
5000,0.149,5954,2,0
7816,0.223,9151,2,0
17059,0.15,7538,2,0
10220,0.453,19768,1,1
5774,0.272,9716,0,1
6921,0.221,6673,2,0
13902,0.29,23954,0,0
6869,0.206,7201,0,0
11028,0.246,10047,2,0
10125,0.396,19809,1,1
7145,0.257,14998,1,0
28910,0.244,49552,2,1
13588,0.467,27811,2,0
5000,0.107,5839,1,1
10864,0.187,5983,1,1
7108,0.219,11873,1,0
15156,0.571,14210,2,0
6659,0.288,13535,2,0
9345,0.234,10766,0,0
12739,0.081,23038,1,0
15258,0.171,23818,1,0
5430,0.394,11495,2,0
8372,0.141,17983,1,0
7805,0.339,5000,0,0
7139,0.537,7279,1,1
23926,0.24,53327,2,0
12118,0.192,15128,2,0
5268,0.075,7804,0,1
15661,0.295,12294,1,0
28597,0.351,44630,0,1
16584,0.105,15849,1,1
5000,0.046,10706,0,0
7768,0.298,6374,2,1
18647,0.222,21550,1,0
6947,0.507,5000,2,0
12356,0.091,20199,2,0
14578,0.525,34670,1,1
6226,0.297,5000,1,0
9606,0.27,5000,2,0
5000,0.467,6435,1,1
5930,0.501,11692,0,1
8722,0.213,21351,1,1
5303,0.364,5000,0,1
22386,0.251,45903,1,0
5000,0.107,5871,0,0
7942,0.334,5741,0,0
10565,0.236,8493,1,0
20345,0.16,47612,2,0
5000,0.168,10498,1,0
17704,0.386,18671,0,1
9947,0.282,23620,1,0
6058,0.21,5000,0,1
12469,0.216,13433,1,1
10932,0.09,19363,2,0
7331,0.453,18319,0,1
10248,0.262,14121,0,1
8162,0.32,17162,1,1
10475,0.31,24337,1,1
13781,0.559,5791,1,0
21873,0.291,22021,0,0
5329,0.169,5000,1,0
28753,0.295,58361,2,0
5000,0.041,7954,2,0
9173,0.213,5510,1,0
13281,0.368,17047,2,0
11390,0.159,16849,0,1
7249,0.553,13521,0,1
8918,0.115,18167,1,0
7734,0.392,5000,1,0
7371,0.199,10496,2,0
15135,0.625,11175,0,1
11831,0.295,23447,0,0
6999,0.129,12466,2,0
15518,0.46,29769,1,0
11540,0.342,6433,1,0
14860,0.43,21869,1,0
13559,0.437,29358,0,1
6538,0.185,12410,2,0
7479,0.681,16527,1,0
14380,0.51,11976,1,1
13429,0.443,13462,2,0
9794,0.258,12993,0,1
10495,0.098,15730,1,0
18747,0.051,17426,1,0
7362,0.09,8839,0,1
13010,0.177,23976,0,1
8945,0.219,15702,0,0
8876,0.191,5609,1,0
17143,0.485,42344,1,1
14953,0.373,23653,2,0
14864,0.559,21040,0,1
19010,0.178,46218,2,0
10001,0.362,6948,0,1
13918,0.563,21458,0,1
8474,0.558,17718,1,0
11638,0.02,14405,2,0
9273,0.152,18048,0,1
10388,0.057,23772,1,0
13327,0.302,12654,0,0
6574,0.375,5963,1,0
28175,0.196,32610,2,0
5984,0.448,7653,1,0
5393,0.226,5000,1,0
17659,0.144,15641,1,1
14703,0.271,32844,2,0
13521,0.065,21497,2,0
13550,0.378,13041,0,1
9836,0.59,23426,0,0
6319,0.475,12803,1,1
10279,0.398,11935,1,0
7054,0.424,14161,1,1
16115,0.243,26618,1,0
9195,0.404,16883,1,1
6550,0.188,7041,1,1
8427,0.224,7078,1,0
12166,0.373,11345,2,0
7466,0.234,5000,0,1
6560,0.276,9114,2,0
11179,0.195,14009,0,0
11186,0.469,5000,0,1
7681,0.305,16886,2,1
7820,0.481,14326,1,1
11114,0.111,14873,1,1
5000,0.175,12153,1,0
5000,0.295,11875,0,0
6910,0.412,5000,1,0
8895,0.236,15048,1,1
11561,0.597,24461,1,1
20695,0.121,15794,0,1
15196,0.296,10162,1,1
9136,0.539,8638,1,0
9803,0.61,9679,2,0
5995,0.228,14547,1,1
9805,0.076,19994,1,0
8566,0.273,5000,2,0
11630,0.097,23860,1,0
6544,0.258,5000,1,1
12831,0.293,14759,1,0
21298,0.161,22765,2,0
9373,0.342,9110,1,1
12098,0.358,12684,0,0
13975,0.327,27725,1,1
8098,0.359,7772,1,0
11070,0.259,23043,1,1
9959,0.252,5887,1,0
10392,0.227,17146,1,0
6724,0.284,14876,1,0
10019,0.128,5676,1,0
12695,0.377,22004,1,0
20446,0.301,30146,2,0
15988,0.191,17540,2,1
29044,0.14,17758,1,0
6743,0.073,12277,2,1
15308,0.249,16069,0,0
10847,0.22,12059,1,0
29581,0.535,56410,0,1
6606,0.138,15758,2,0
6503,0.183,7158,2,0
7334,0.059,14434,1,0
5000,0.325,12044,0,1
7609,0.189,5000,2,0
6771,0.339,10233,1,1
10670,0.247,5000,2,0
11741,0.387,25042,0,1
25288,0.442,25350,0,1
15918,0.168,17490,2,1
7417,0.292,13672,1,1
6315,0.164,12993,1,0
12656,0.569,15694,1,1
5114,0.334,9194,2,1
24728,0.162,59555,1,1
17849,0.259,40383,1,1
7827,0.198,14658,0,1
5000,0.532,11902,1,1
19475,0.09,43615,2,0
9346,0.32,18046,2,0
18377,0.37,42751,2,0
5000,0.458,10582,1,0
7334,0.061,10669,2,0
9923,0.444,14436,1,1
10132,0.257,5000,1,0
7902,0.086,5000,2,0
13513,0.184,26581,2,0
5803,0.288,9082,0,1
9217,0.357,18415,2,0
10510,0.278,25165,2,0
12800,0.379,17284,2,0
14126,0.322,8274,2,0
5640,0.547,9677,1,1
5000,0.27,5000,2,0
18747,0.517,31960,1,1
11686,0.137,17625,1,0
6807,0.186,12904,0,0
21495,0.192,24440,2,1
10486,0.506,7362,2,0
17848,0.098,15992,2,0
10236,0.263,18791,0,1
27732,0.008,38941,1,0
23805,0.26,36558,1,0
8738,0.173,9422,2,0
16087,0.038,34701,2,0
13666,0.36,34150,1,0
19620,0.411,20711,2,0
6109,0.316,11663,0,0
13947,0.085,10590,1,0
16801,0.389,32915,0,0
5000,0.329,6523,0,0
5477,0.191,9153,2,0
5000,0.482,5000,1,1
8649,0.185,18930,0,1
14168,0.197,10824,1,0
20976,0.32,49297,0,1
10270,0.348,5429,1,0
22343,0.281,22450,0,0
5000,0.464,7910,0,1
5000,0.057,11013,0,1
9626,0.67,15514,1,1
11992,0.682,10239,0,1
9736,0.363,21459,1,1
5000,0.334,8259,1,0
9465,0.206,8404,2,0
5155,0.123,8144,2,0
13833,0.444,25150,2,0
11888,0.154,21744,1,0
6186,0.137,11879,1,0
7654,0.662,17460,1,1
5827,0.101,12425,1,0
9591,0.152,16077,1,0
15955,0.311,7460,1,0
6045,0.228,11934,1,0
12733,0.445,31165,2,1
7592,0.215,7908,2,0
6657,0.179,11148,2,0
9381,0.044,18896,0,1
5898,0.393,10274,2,1
7503,0.571,17539,2,0
5437,0.359,7579,1,1
26432,0.449,40095,0,0
10073,0.042,5000,1,0
6975,0.301,15976,1,0
11014,0.174,10472,1,0
9356,0.54,22967,0,1
8861,0.806,7305,1,0
13454,0.097,12543,1,0
14454,0.282,20492,0,0
7591,0.512,13565,1,1
7421,0.034,9835,0,1
8625,0.124,9822,1,1
5000,0.55,7670,1,0
5000,0.571,12062,2,0
19602,0.077,47441,0,0
22527,0.343,24529,1,0
8738,0.229,15976,0,1
13204,0.157,25299,1,1
11563,0.428,20492,0,1
40000,0.11,25492,2,0
17322,0.097,26554,0,1
9283,0.257,18594,1,1
6137,0.334,5043,1,0
5000,0.52,5656,2,0
10956,0.151,9072,1,0
6780,0.159,15341,0,0
5000,0.209,11014,1,0
7163,0.197,5410,2,0
5763,0.383,11509,2,0
23007,0.306,26788,1,0
15379,0.085,28313,1,0
9857,0.311,14156,0,0
20743,0.102,28856,1,0
10287,0.428,23154,1,1
6434,0.04,11179,0,0
21195,0.53,18972,1,1
12957,0.096,8197,0,0
5892,0.343,13906,0,1
8998,0.385,6498,0,1
6388,0.112,12402,2,0
5000,0.402,7206,2,0
15726,0.388,10916,1,0
25711,0.139,52220,0,1
5000,0.488,11497,1,1
13114,0.244,8592,1,0
7148,0.068,5000,0,0
7757,0.177,16948,2,0
7359,0.217,10686,1,0
6425,0.129,11671,2,0
10140,0.077,13457,1,0
6532,0.192,8270,1,0
11330,0.355,11662,1,1
9651,0.375,15270,0,0
8782,0.135,6460,2,0
6286,0.098,11983,1,1
7417,0.2,11525,1,0
14439,0.266,31474,1,0
12713,0.08,29676,1,0
6070,0.212,13909,2,0
10401,0.242,17292,2,0
14410,0.287,15409,2,0
5000,0.242,5750,2,0
12986,0.604,22990,1,0
7105,0.424,13466,1,0
13164,0.726,9724,1,1
6757,0.105,16864,0,1
5000,0.071,5000,2,1
5000,0.267,8374,1,0
10137,0.121,15360,0,1
11269,0.333,18494,2,0
6297,0.182,9577,1,0
13620,0.076,7104,0,0
5000,0.362,12457,0,0
9575,0.62,23562,2,1
5401,0.235,8108,1,0
7144,0.232,5983,2,0
10134,0.333,7947,1,0
6436,0.336,5000,0,1
8165,0.552,13758,1,1
16369,0.244,22986,0,1
7417,0.623,9451,2,0
15030,0.428,22590,1,1
5625,0.099,12562,2,0
12898,0.161,7075,1,0
20348,0.166,31390,0,1
5000,0.706,9360,1,0
6644,0.184,16202,1,0
13207,0.465,25798,2,0
8941,0.104,13868,1,1
11915,0.292,23952,1,1
7317,0.205,18248,0,1
10335,0.58,23422,0,1
9155,0.096,5375,1,1
17745,0.112,28519,1,0
11239,0.112,23059,1,0
11717,0.153,21218,1,1
8055,0.209,10275,1,0
7755,0.319,8354,1,0
7972,0.382,13686,0,1
12054,0.149,15261,1,1
8018,0.247,9808,0,0
11440,0.581,24678,1,0
27936,0.561,29693,0,1
15299,0.065,26840,2,0
8408,0.087,18786,1,0
18044,0.124,30779,1,1
8070,0.321,11579,2,0
5000,0.227,5000,0,1
5978,0.133,10948,1,0
5000,0.294,12474,2,0
8301,0.571,17414,1,0
9988,0.07,17304,1,0
22884,0.257,31699,1,0
11654,0.179,10152,1,0
8870,0.453,16440,1,1
14983,0.076,11572,0,0
5000,0.198,11314,1,0
11134,0.471,12730,1,0
14551,0.195,18037,2,0
5000,0.287,5000,1,1
17533,0.072,24748,2,0
11722,0.237,21439,1,0
8041,0.302,8329,1,0
13580,0.382,25447,0,0
30802,0.104,52463,0,0
10839,0.254,12812,2,0
11204,0.323,11842,1,0
7866,0.252,17374,2,0
6470,0.185,5000,2,0
14990,0.115,28532,1,0
6450,0.281,8232,2,0
10257,0.324,19562,1,0
7794,0.405,11424,1,1
12575,0.133,7244,0,0
11693,0.405,28794,2,0
16626,0.074,9655,1,1
7669,0.108,5619,1,0
8647,0.419,11092,0,1
6066,0.236,14461,2,0
7925,0.373,8048,2,0
11951,0.541,19053,1,1
14450,0.405,21603,1,0
6241,0.142,6823,1,0
15287,0.263,28470,1,0
19493,0.716,28324,2,0
12169,0.125,19647,2,0
25295,0.464,21282,1,0
6721,0.26,15767,1,1
5311,0.674,5000,1,1
5000,0.261,9247,2,1
20910,0.24,47266,2,0
13727,0.31,7913,0,1
9625,0.494,5000,0,1
11384,0.248,12518,1,0
5637,0.207,11607,1,0
33619,0.501,64095,0,1
10557,0.224,22451,1,0
10453,0.363,12907,2,0
14226,0.128,35380,1,0
12588,0.163,14713,1,0
11069,0.377,23149,2,0
6665,0.142,7577,0,1
12528,0.102,10758,1,0
25362,0.313,28076,2,1
19393,0.698,15604,0,1
21951,0.172,14732,2,0
7664,0.333,8924,1,0
6034,0.383,5000,0,0
9293,0.165,13521,2,0
10176,0.116,5000,1,0
17104,0.16,22334,1,0
5000,0.205,12059,1,0
21264,0.393,24529,1,0
9145,0.116,6301,0,0
7994,0.543,8321,1,1
5966,0.234,12301,1,1
5000,0.247,5293,1,0
14936,0.263,18003,2,0
10266,0.271,21112,2,1
5192,0.373,5000,0,1
5179,0.27,7274,2,0
8367,0.467,5000,0,1
22799,0.32,17454,2,0
8692,0.215,7300,2,0
5000,0.278,6867,1,0
8752,0.178,18591,1,1
8635,0.292,9883,2,0
5000,0.12,5995,2,0
9632,0.299,9941,0,1
8817,0.194,9461,1,1
14018,0.345,17485,1,1
24946,0.173,57095,2,0
17383,0.398,7843,0,1
8652,0.6,14809,1,0
5691,0.31,12886,1,0
35834,0.328,45711,2,0
10194,0.142,18012,1,1
9966,0.262,16245,2,1
9778,0.192,10865,0,1
10927,0.363,7524,0,1
9207,0.253,7929,1,1
7429,0.56,5000,1,1
7529,0.546,15103,2,0
9736,0.311,14788,2,0
7542,0.023,15460,1,1
6929,0.323,6994,2,0
10438,0.247,21813,1,0
8712,0.174,9142,2,0
20994,0.477,13746,0,0
5000,0.073,7605,2,0
17081,0.27,40741,0,0
18454,0.251,23440,1,1
5000,0.058,7411,1,0
8338,0.332,11238,2,0
8219,0.24,11183,2,0
5000,0.379,5000,1,1
6708,0.071,8634,2,0
5680,0.323,8199,2,0
23768,0.407,46687,0,1
15801,0.432,10960,2,0
18690,0.054,29912,1,0
14197,0.14,25422,2,0
5627,0.19,6775,0,1
7613,0.409,11826,0,0
12640,0.296,23923,2,0
5371,0.206,7395,1,1
14136,0.579,15550,1,0
8776,0.091,18710,1,0
8205,0.201,20321,1,0
14121,0.357,12073,1,0
12358,0.335,28026,1,1
8262,0.358,12769,1,0
17670,0.233,23690,0,0
5764,0.306,13117,2,0
13466,0.059,31130,2,0
13313,0.157,12948,0,0
8477,0.18,9771,2,0
11650,0.316,25502,0,1
5294,0.121,7575,1,1
15709,0.376,15785,1,1
9023,0.215,21841,1,1
7620,0.337,6521,0,1
16722,0.155,28122,2,0
6959,0.238,9037,2,0
5000,0.23,6738,2,0
5000,0.216,5000,0,0
13399,0.546,12595,2,0
5217,0.354,5000,1,1
23798,0.265,46984,2,0
5000,0.271,9326,2,0
23114,0.209,47792,1,0
10998,0.383,20550,1,1
9429,0.107,6320,1,0
7536,0.518,18502,1,1
12083,0.166,9616,2,0
9712,0.145,11033,2,0
17182,0.446,32379,1,0
10478,0.064,7282,0,1
10669,0.581,8088,1,1
8251,0.207,18490,1,0
9619,0.467,10554,1,1
11543,0.356,20752,2,0
5000,0.289,11016,2,1
5043,0.503,12325,1,1
14351,0.204,12078,2,1
10779,0.403,7094,2,0
9027,0.332,17653,1,0
9988,0.267,7943,1,0
11775,0.197,19057,2,0
7556,0.039,11474,1,0
6706,0.246,10568,1,0
10915,0.412,19260,0,1
6068,0.23,13270,0,1
12138,0.306,11784,2,0
5000,0.122,7830,1,0
16557,0.049,18329,1,0
12535,0.212,13404,2,1
11248,0.408,5000,2,0
16176,0.289,26833,0,0
22759,0.143,55584,2,0
16435,0.069,32848,2,0
5000,0.478,5000,1,0
5219,0.259,9937,1,0
7241,0.292,7417,2,0
10027,0.386,19880,1,1
12820,0.018,28146,2,0
6885,0.195,7588,0,1
10865,0.11,5000,1,0
6783,0.108,7058,0,1
7289,0.198,6067,2,0
5000,0.257,8495,0,1
6237,0.397,6294,1,1
5034,0.408,5000,0,1
6075,0.151,9209,2,0
16761,0.328,37492,0,0
6156,0.194,8298,2,0
36908,0.419,43929,2,0
12665,0.396,9814,0,1
10855,0.111,13173,1,1
6443,0.292,7055,1,0
14046,0.114,34967,1,0
7421,0.275,5000,2,0
10519,0.778,9484,0,0
35597,0.166,19369,2,0
9433,0.277,20758,2,0
17582,0.273,22440,0,1
6963,0.193,14429,1,1
9725,0.379,18026,2,1
23990,0.709,56349,1,1
7233,0.218,5000,1,0
24494,0.193,20463,1,0
14099,0.529,26425,1,1
7470,0.26,12169,1,0
13577,0.305,25238,1,0
16095,0.097,25889,2,0
13506,0.188,21882,0,1
5000,0.066,11792,1,1
6880,0.188,16063,1,1
8745,0.179,5000,1,1
9535,0.274,12097,1,0
13498,0.433,19872,0,0
10816,0.344,12456,1,0
5076,0.054,5000,1,0
11969,0.139,16659,1,0
13430,0.183,32891,0,1
13093,0.247,7223,0,0
16990,0.049,35934,1,0
15017,0.458,12177,0,1
12451,0.159,20062,1,0
9555,0.151,11589,2,0
5000,0.296,5664,0,1
12268,0.068,27333,1,0
10980,0.087,26838,1,1
11336,0.277,13739,0,1
5227,0.269,9121,1,0
5764,0.429,9041,1,0
16757,0.067,9409,1,0
9703,0.52,5000,0,1
13915,0.256,28166,0,1
10038,0.191,12332,0,1
10045,0.228,10506,2,0
15821,0.574,39075,0,0
7646,0.251,5000,1,0
10384,0.348,10021,1,0
7854,0.097,17274,1,0
7964,0.182,10126,1,0
8479,0.412,13795,2,0
11059,0.146,5547,2,0
7790,0.425,18171,1,0
18543,0.207,12749,0,0
6327,0.605,5366,2,0
9014,0.57,6573,2,0
7943,0.37,11476,1,1
20404,0.101,43162,2,0
10919,0.049,10488,1,1
16579,0.086,11586,1,0
5000,0.148,6304,2,0
11310,0.448,27841,1,0
15441,0.131,6535,2,0
10312,0.323,15040,1,0
16860,0.207,30444,2,0
7641,0.331,16002,1,0
20023,0.242,39386,2,1
31239,0.191,17378,1,0
8255,0.055,11308,1,0
7920,0.224,5000,2,0
20469,0.302,34832,0,1
21802,0.222,12247,2,0
7620,0.101,5000,1,0
8021,0.172,8363,1,0
8596,0.552,20386,1,1
5053,0.287,9555,1,1
6252,0.234,5000,2,0
5990,0.109,5978,2,0
6741,0.39,5000,2,1
9726,0.406,9902,1,1
11126,0.471,20468,1,1
21488,0.251,42880,2,0
6007,0.639,12548,2,0
16190,0.398,37415,2,0
8892,0.186,10388,2,1
9655,0.14,21352,2,0
13868,0.208,26740,2,0
5645,0.235,8633,2,0
11982,0.158,28814,2,0
10756,0.464,25709,1,0
12660,0.142,28928,2,1
11436,0.295,9431,2,0
33780,0.426,28259,0,0
7194,0.219,16491,0,1
7589,0.273,9377,0,0
7247,0.497,15036,0,1
7497,0.062,13813,2,0
7196,0.151,14399,0,1
17934,0.45,8163,2,0
20135,0.034,26235,2,0
7440,0.419,16367,2,0
6527,0.699,9327,1,0
12527,0.051,23167,1,0
7509,0.138,14924,1,1
13581,0.483,8876,0,1
10954,0.173,7964,0,0
5000,0.203,9607,0,0
21455,0.372,11041,1,0
24292,0.245,27158,0,1
7285,0.151,16959,1,1
8153,0.215,13095,2,0
11417,0.085,26398,1,1
11698,0.048,12280,1,0
13756,0.285,23894,2,0
27040,0.194,27099,0,1
9059,0.065,5737,2,0
6639,0.148,16469,0,0
5000,0.12,5000,1,0
6867,0.432,5465,1,0
9734,0.088,21104,0,1
24276,0.396,50609,0,1
7640,0.196,18745,2,0
11068,0.24,6095,1,0
9816,0.324,5866,1,1
17929,0.181,24066,2,1
35012,0.546,57514,2,0
7589,0.197,5000,0,0
7748,0.257,5676,2,0
16681,0.097,31312,2,0
13918,0.355,25107,1,1
24918,0.06,14660,1,0
13252,0.229,31230,2,0
8269,0.195,7732,1,0
13297,0.189,30094,2,0
17229,0.324,40286,1,1
14916,0.44,21318,2,0
12754,0.014,16136,1,0
16870,0.288,16602,1,1
17759,0.377,37214,2,0
19753,0.106,16056,2,0
13689,0.265,23359,0,1
9103,0.17,14483,2,0
10650,0.457,9826,0,1
18092,0.173,44587,0,1
6578,0.307,14322,0,1
11900,0.266,5273,2,0
8130,0.315,10461,2,1
10040,0.344,11585,0,0
18755,0.273,42272,1,1
10889,0.317,10404,0,1
10129,0.408,25291,2,0
5014,0.329,5000,1,0
14373,0.446,13110,0,1
13667,0.084,24583,2,0
29191,0.332,21549,1,0
8485,0.15,19232,2,0
11043,0.409,6966,1,0
11211,0.119,27635,1,0
21779,0.484,48715,1,0
9436,0.283,20414,0,1
11378,0.494,14282,1,1
13412,0.551,19832,2,1
10865,0.238,14758,2,0
7917,0.226,19583,2,0
10905,0.32,5159,1,0
16929,0.263,20342,2,0
5923,0.265,14416,1,1
10577,0.416,12436,1,0
6973,0.434,8624,0,0
17989,0.098,31044,2,0
5000,0.467,11526,1,0
7484,0.028,7622,1,1
11951,0.16,28563,0,1
21650,0.316,21506,0,1
9577,0.118,20229,0,1
7498,0.298,7342,1,0
25351,0.426,14025,0,1
5000,0.471,10529,2,0
5000,0.256,6725,2,0
12332,0.283,15052,2,0
7699,0.573,10031,1,0
5939,0.133,10003,1,0
14103,0.288,13421,2,0
11180,0.173,10042,1,0
7464,0.34,10564,0,0
5217,0.685,5000,1,0
15309,0.178,26791,1,1
13699,0.37,29151,1,0
9418,0.321,18154,0,1
24917,0.159,34523,2,0
5796,0.583,9200,2,1
5000,0.344,5000,0,1
7002,0.196,16217,1,1
9674,0.252,15207,2,0
11177,0.1,11898,0,0
8772,0.377,8917,1,0
11802,0.38,21069,1,0
5293,0.305,8612,2,0
20371,0.27,16184,2,0
9498,0.393,11976,0,0
17303,0.531,31491,1,1
11747,0.458,12041,1,1
12436,0.059,18274,1,1
13159,0.103,12307,1,0
12380,0.265,6815,1,1
13648,0.356,16586,0,0
19236,0.35,37268,0,1
10919,0.292,9271,0,0
14108,0.179,27996,2,0
9462,0.264,17089,0,1
20334,0.26,29799,0,1
7057,0.184,17219,2,1
24354,0.028,54923,0,1
9700,0.114,15352,0,0
5000,0.351,7856,1,0
10551,0.213,10375,0,1
7040,0.21,16422,1,0
15067,0.556,34376,1,1
7141,0.34,13985,0,0
7918,0.114,5293,2,0
5000,0.079,9388,1,1
7893,0.366,7353,1,0
5000,0.142,5000,2,0
5000,0.075,9971,2,0
14475,0.256,34964,1,0
14660,0.216,9216,2,1
12243,0.457,9113,2,0
6102,0.328,5250,1,0
9663,0.293,23406,1,1
9879,0.09,18399,1,0
5545,0.541,10118,1,0
20987,0.436,30653,1,1
15347,0.689,23464,1,1
8861,0.431,8944,2,0
10031,0.253,7268,1,0
10983,0.177,22391,2,0
5000,0.391,6942,0,1
8746,0.431,8200,0,1
7037,0.062,12166,2,0
5998,0.252,5037,1,1
8599,0.059,12266,2,0
24314,0.26,19438,2,0
13635,0.451,27206,1,0
7438,0.426,7986,0,1
13177,0.033,17494,0,1
19923,0.312,39554,2,0
15714,0.088,28052,2,1
10196,0.13,12637,1,0
7161,0.323,5000,0,0
14032,0.239,32770,0,0
12049,0.115,5020,0,0
15484,0.299,30080,2,0
13596,0.306,32432,0,1
16726,0.102,17463,0,0
7573,0.321,5000,2,0
19123,0.295,17671,1,1
10924,0.436,11560,1,0
27934,0.486,37649,1,1
7012,0.257,10539,2,0
23575,0.388,45341,1,1
10926,0.253,25042,1,0
7145,0.233,9833,0,0
7770,0.419,15286,2,0
8432,0.439,5625,0,1
12235,0.289,13341,1,0
12854,0.458,8329,1,0
7429,0.284,13763,1,0
9777,0.127,22547,1,0
28886,0.276,65486,1,0
23476,0.223,25485,2,0
12309,0.347,10978,1,0
10086,0.201,9839,1,0
10509,0.335,10545,1,0
13450,0.267,7703,1,0
5934,0.357,5000,2,0
8702,0.243,7400,1,0
5000,0.015,5000,1,0
12083,0.238,6031,2,0
13678,0.195,25537,1,1
7772,0.697,13218,1,0
21741,0.504,51862,1,0
5362,0.231,6668,1,0
5000,0.326,6665,2,0
11072,0.131,6004,0,1
16706,0.2,12024,2,0
22970,0.249,42549,2,0
7867,0.677,7030,1,1
16972,0.111,34350,0,1
9708,0.422,18270,1,1
9078,0.379,17878,2,0
15395,0.156,28485,0,1
13713,0.498,25865,1,1
5000,0.381,7741,1,0
20707,0.398,37777,2,1
19732,0.334,29697,1,0
7238,0.36,6028,1,0
12063,0.182,10337,1,0
12670,0.424,15852,1,0
11274,0.456,5000,1,0
7516,0.19,17043,1,1
7074,0.409,6814,2,1
9771,0.204,5000,0,0
17789,0.283,22971,1,1
12988,0.159,27440,1,1
8223,0.15,10150,1,0
14557,0.22,13853,1,1
5000,0.276,7721,1,1
17577,0.138,28233,1,0
5000,0.343,9971,2,1
8256,0.126,17169,0,0
5654,0.306,10647,2,0
5180,0.364,5000,1,0
17683,0.216,7150,1,0
7833,0.473,19212,0,1
11769,0.281,11237,2,0
9667,0.28,9599,1,0
12563,0.384,24343,2,0
10284,0.338,16674,1,1
5210,0.284,7157,1,0
16287,0.085,10497,2,0
7731,0.317,5000,2,0
5000,0.056,9388,2,1
7989,0.161,5286,2,0
20960,0.111,27566,1,0
15140,0.333,29460,1,1
8313,0.204,19443,1,0
8311,0.303,18571,2,1
8426,0.121,18661,2,0
27955,0.172,32228,1,0
11979,0.125,28117,0,0
12271,0.58,22526,2,0
16566,0.152,37467,1,0
11152,0.164,6543,2,0
8694,0.491,5000,2,0
8971,0.319,11683,0,1
9549,0.339,20423,1,0
9714,0.174,12220,2,0
14240,0.337,32150,0,1
10157,0.199,9070,2,0
14275,0.332,6889,1,0
9505,0.402,18998,0,1
10294,0.237,17653,1,1
5000,0.533,6620,0,1
15649,0.368,34037,0,1
11769,0.248,25077,2,0
16301,0.667,17630,2,1
5000,0.076,10798,1,0
28118,0.16,31628,0,1
9229,0.357,15746,0,1
17224,0.303,13852,2,1
5884,0.026,5618,1,0
13445,0.245,18024,0,0
5844,0.379,6199,1,1
7245,0.267,5000,2,0
25771,0.494,36411,2,1
8997,0.182,13260,1,0
11033,0.554,8090,2,1
15291,0.221,11713,2,0
12680,0.402,5853,0,0
10670,0.183,5000,2,0
11878,0.69,13697,2,0
32915,0.193,23303,1,0
9616,0.48,22406,1,0
10944,0.265,8960,0,1
16736,0.644,9012,2,1
17201,0.143,21480,1,1
17917,0.384,14408,1,1
13620,0.63,7215,0,1
5588,0.286,11069,0,1
22397,0.31,35162,2,0
5579,0.232,5000,1,1
11513,0.036,15921,2,0
6787,0.083,5000,2,0
9584,0.426,10965,2,1
11665,0.213,13565,2,0
11622,0.157,24735,1,0
12221,0.833,23759,2,1
22177,0.107,50645,1,0
12416,0.203,8630,1,0
8759,0.023,13322,2,0
16027,0.105,7090,2,0
17939,0.4,38274,1,1
5357,0.249,6266,1,1
13342,0.38,7278,2,0
14052,0.524,15202,1,0
8528,0.2,8550,1,1
19689,0.098,39548,2,1
9181,0.277,6113,2,0
10538,0.32,16515,1,0
9076,0.341,18763,1,1
9974,0.717,19480,0,1
5720,0.684,13531,2,1
5000,0.281,5000,0,0
21966,0.206,25106,2,0
6480,0.149,7621,1,0
6028,0.477,5000,0,1
5000,0.156,10581,2,0
7190,0.418,13278,0,1
5107,0.34,7707,1,0
22494,0.187,28129,1,0
16397,0.301,37393,1,0
7015,0.25,6702,0,0
30522,0.188,33652,1,0
16169,0.156,38815,0,1
8413,0.381,5000,2,0
5000,0.203,10196,0,1
31115,0.188,59366,1,1
5000,0.192,11469,1,0
5000,0.28,5000,2,1
16502,0.491,40232,0,1
33519,0.186,15437,2,0
19774,0.27,21933,0,0
13120,0.514,7585,2,0
13324,0.232,6761,0,1
15164,0.151,36787,2,0
14464,0.243,27646,2,0
11391,0.366,16653,0,1
10426,0.181,6539,0,1
9592,0.261,14432,1,0
6788,0.433,7278,1,1
8601,0.347,8346,1,1
5000,0.039,8490,1,0
9422,0.445,19418,2,1
6037,0.151,8034,1,0
5699,0.162,8184,0,1
10828,0.294,19144,0,1
19850,0.366,13136,1,1
15664,0.667,33523,1,0
5000,0.123,10787,1,0
6034,0.33,9269,2,0
15841,0.404,12576,0,0
6055,0.232,8790,1,1
8845,0.554,5506,0,1
13030,0.651,26098,2,1
6098,0.337,6424,1,0
10432,0.089,10988,1,0
5079,0.086,12112,1,1
7326,0.31,9421,1,0
11613,0.35,23901,0,1
5000,0.509,8690,1,0
12335,0.29,13124,2,0
9800,0.244,6467,0,1
13046,0.314,27074,1,1
11069,0.277,22153,1,1
19576,0.2,14784,1,0
10536,0.621,9726,1,1
7984,0.313,16042,1,1
10521,0.091,25941,1,0
12986,0.272,28201,1,0
10141,0.452,18627,1,0
10100,0.344,23456,1,0
6967,0.175,6960,0,0
7104,0.621,5000,0,1
5000,0.401,5370,2,0
23736,0.128,57943,0,1
5313,0.094,11967,1,0
6999,0.178,5000,1,1
6910,0.035,10048,0,1
15482,0.574,8761,1,0
8540,0.254,17566,2,0
18469,0.101,21839,2,0
7067,0.271,16361,2,0
11378,0.089,5852,0,0
6518,0.453,12654,1,0
28928,0.378,35832,1,1
5465,0.391,5264,2,0
11555,0.29,17178,1,0
13587,0.346,19287,1,0
12172,0.226,13784,1,1
9021,0.412,15901,1,0
9275,0.404,16590,1,0
10116,0.297,5685,0,1
9195,0.522,15176,1,1
16025,0.452,30329,1,1
29889,0.119,16719,1,0
7489,0.123,13362,0,0
5000,0.093,10441,2,0
9469,0.16,20332,2,0
35948,0.344,17523,2,0
6622,0.692,12347,1,1
22461,0.288,46577,1,0
22899,0.314,28242,0,0
7504,0.381,11556,1,1
13154,0.351,12585,1,0
22341,0.171,23492,1,0
8188,0.208,11900,1,0
8939,0.367,6412,1,1
7399,0.215,8717,0,1
5958,0.224,6155,2,0
7153,0.215,6440,2,0
5367,0.397,7600,0,0
10067,0.138,21757,1,0
6734,0.204,6120,0,1
11124,0.643,19861,0,1
5000,0.404,5000,1,1
11677,0.141,8155,2,0
15014,0.32,35748,2,0
5000,0.151,8648,0,1
11932,0.67,7394,1,0
18284,0.123,31606,2,0
5405,0.136,5000,1,0
22840,0.377,51719,2,0
12203,0.18,11223,1,0
6956,0.512,14569,1,1
9624,0.332,7876,1,1
13084,0.498,20573,2,0
10280,0.122,23808,1,0
12956,0.115,13236,2,0
6245,0.3,5000,1,0
10771,0.406,16808,0,1
5000,0.061,5000,0,0
9361,0.399,18063,0,1
6298,0.352,10333,0,0
6851,0.376,7724,1,0
18362,0.179,34555,1,1
17079,0.521,15387,2,0
13420,0.083,31214,2,0
5732,0.322,6468,2,0
8448,0.396,16916,0,0
18152,0.13,17115,0,1
10623,0.058,20197,1,0
31560,0.582,14713,0,0
12048,0.426,12296,0,1
10894,0.4,6483,1,0
8479,0.25,11427,2,0
10580,0.31,13899,2,0
9170,0.281,10582,2,0
14101,0.436,34696,1,1
15968,0.276,14572,2,1
6680,0.133,13770,0,1
5086,0.126,6814,2,0
5000,0.512,5515,1,1
12759,0.082,10555,2,0
5700,0.391,9862,0,1
5000,0.185,5503,2,0
12019,0.039,25326,1,1
34423,0.398,83779,1,1
9867,0.359,8653,0,1
15051,0.257,10087,2,0
10310,0.188,10955,0,0
9419,0.568,13007,1,0
15670,0.285,16172,0,0
8560,0.224,20869,1,1
11312,0.112,23036,0,0
11624,0.119,28234,1,0
7086,0.402,8389,2,0
16252,0.221,16899,2,0
9068,0.011,11384,0,1
6782,0.17,10160,0,0
12942,0.451,25331,0,0
6315,0.373,14211,2,0
10037,0.191,13778,0,0
9852,0.653,9923,1,0
17033,0.107,18218,0,0
12548,0.091,23385,2,0
9774,0.082,15559,2,0
14896,0.154,21177,2,0
19833,0.376,16378,2,0
13080,0.185,29280,1,0
9948,0.24,20296,1,0
5136,0.057,5000,2,0
5810,0.511,6807,0,1
8496,0.458,13071,0,1
7297,0.227,9881,1,1
9013,0.226,11135,1,1
10181,0.268,19442,1,1
12898,0.308,6635,2,0
9554,0.288,13280,1,0
12622,0.307,11998,2,0
10221,0.237,5904,1,0
5000,0.12,6881,1,0
6187,0.31,5000,0,0
9209,0.202,8677,0,1
5405,0.278,7917,0,1
13359,0.081,32660,0,0
21276,0.211,39084,1,1
18203,0.154,17970,1,0
8895,0.375,10701,1,0
20855,0.291,26129,1,0
10660,0.167,7703,2,0
8362,0.182,6165,0,1
7283,0.336,5182,2,0
8508,0.323,12723,0,1
8151,0.262,14800,2,0
10777,0.352,17680,1,0
10724,0.473,26310,2,0
9912,0.153,6585,0,0
12313,0.074,30434,2,0
17949,0.368,24770,2,0
15911,0.178,13669,1,0
5000,0.357,11904,1,0
5000,0.388,6920,0,1
15790,0.309,17834,1,0
5000,0.171,5000,1,0
8845,0.03,8513,1,1
5513,0.104,13542,0,0
5000,0.128,5191,1,1
12974,0.335,31831,1,0
14466,0.524,15818,1,0
7418,0.132,6572,0,0
5000,0.295,5000,1,0
7531,0.213,9526,0,1
12038,0.146,10802,1,0
5000,0.396,9317,1,1
10847,0.46,9800,1,0
9821,0.303,21159,1,0
13222,0.373,28446,2,0
10506,0.297,10502,2,0
6084,0.253,12061,2,1
18002,0.493,39621,0,1
9142,0.114,14987,1,0
9762,0.121,11415,2,0
6206,0.029,8230,2,0
7929,0.332,16264,0,1
6358,0.371,6460,2,1
9077,0.273,10006,2,0
23291,0.321,17181,2,0
5000,0.15,6190,0,1
5000,0.2,5000,1,0
20652,0.222,22184,1,1
8913,0.121,10556,1,0
7083,0.125,6633,1,0
16646,0.297,10201,2,0
7311,0.14,10934,2,0
24661,0.354,54666,0,1
13890,0.494,15347,1,1
7754,0.217,6958,1,0
29104,0.27,29063,2,0
7311,0.08,16157,1,1
14343,0.112,21635,1,0
11494,0.088,7755,1,0
18974,0.293,35850,1,0
21606,0.379,15646,0,0
10056,0.145,5295,1,0
6790,0.446,6362,2,1
12456,0.496,9379,0,1
7052,0.239,11781,1,0
27083,0.29,38393,2,0
10596,0.25,20350,0,0
8244,0.277,12155,0,0
10854,0.039,13892,1,0
5046,0.236,7595,2,1
6088,0.019,7990,1,0
18037,0.431,8619,1,0
7126,0.422,13037,0,1
5863,0.218,14193,2,0
12943,0.53,16648,1,0
17905,0.601,23094,1,1
14178,0.205,7034,1,0
16285,0.393,36964,1,1
6779,0.509,15938,1,1
5000,0.175,10537,1,1
20966,0.081,13068,2,0
8422,0.293,19291,0,1
8730,0.306,5000,1,0
19227,0.303,25641,1,1
13070,0.184,18969,0,0
12430,0.206,26743,2,0
29216,0.05,57756,0,1
7174,0.273,14878,0,1
15739,0.538,34982,0,1
10183,0.364,14254,0,1
11319,0.071,23075,0,1
21252,0.155,11537,1,1
12758,0.18,17013,1,0
12953,0.437,6001,0,1
16920,0.626,39291,2,0
8246,0.109,19895,1,0
6505,0.347,5000,1,1
5869,0.385,8913,0,1
5000,0.047,5413,1,0
27669,0.149,30971,0,0
5700,0.5,7676,0,1
8860,0.03,5871,1,0
8617,0.103,6718,1,1
11541,0.614,18610,0,1
14881,0.315,6538,2,0
15218,0.149,25255,0,0
7394,0.192,7909,0,1
9103,0.368,19551,1,0
11399,0.487,18922,1,1
8739,0.477,16492,2,0
22107,0.09,14155,1,1
12650,0.256,12123,1,0
14291,0.161,35629,0,1
13786,0.144,18069,2,0
17796,0.251,20529,0,0
10834,0.358,24216,2,0
5174,0.124,5000,2,0
12086,0.134,18408,2,0
7146,0.229,6013,1,0
7598,0.514,8913,1,0
13268,0.304,10874,1,0
18382,0.116,8812,0,0
10002,0.499,12750,2,0
11549,0.234,23761,1,0
23181,0.268,55614,1,1
11163,0.297,19090,1,1
36346,0.147,44217,0,1
13131,0.115,26481,2,0
5000,0.029,7304,1,0
14424,0.022,16905,2,0
11975,0.373,9293,2,0
18861,0.211,39078,2,0
13857,0.004,20105,0,0
9235,0.622,22385,2,0
5366,0.377,11182,1,1
8914,0.203,11429,0,1
6468,0.582,12651,0,1
7403,0.364,10010,1,1
13283,0.241,7541,0,1
22809,0.061,33873,0,0
12056,0.228,26741,2,0
5442,0.248,11954,2,0
12360,0.165,19869,2,1
18003,0.288,21568,0,1
7296,0.42,5000,0,0
9255,0.227,9755,1,0
9970,0.064,24711,2,0
6684,0.128,12871,2,0
13686,0.644,26098,2,0
9316,0.049,18616,2,0
12207,0.277,20779,0,1
6350,0.222,10352,0,0
7952,0.367,10756,0,1
14202,0.251,18921,0,1
8213,0.225,18306,2,0
23470,0.46,28780,2,0
8104,0.36,17543,1,1
11073,0.246,23911,2,0
15776,0.279,31851,0,1
5000,0.546,5000,1,0
5000,0.267,5000,1,1
5000,0.477,5304,1,0
18606,0.485,40559,2,0
7510,0.13,16777,0,1
35564,0.127,17329,1,0
7464,0.327,8075,2,0
10853,0.501,23724,1,1
21398,0.163,19779,2,0
26985,0.354,66103,2,0
27743,0.361,39604,0,1
18109,0.027,42889,1,0
16515,0.384,21478,1,1
13309,0.169,14374,1,0
14605,0.272,16958,1,0
7513,0.052,16957,0,0
6574,0.173,7195,2,0
9880,0.252,17840,1,1
9089,0.3,12604,0,1
7890,0.198,18759,1,0
14019,0.238,10299,1,1
15956,0.358,20746,2,0
10344,0.293,6845,2,0
20718,0.105,33441,1,0
5592,0.087,6968,2,0
8983,0.449,5000,1,1
6915,0.376,15109,2,0
5000,0.332,5942,1,1
9496,0.263,13642,0,1
9312,0.178,11694,2,0
21093,0.151,30083,1,0
13567,0.363,5891,1,0
5930,0.14,12528,2,1
25010,0.297,27457,1,1
18224,0.358,35015,0,0
13240,0.109,7100,1,0
8837,0.225,13256,2,0
6125,0.362,14141,0,0
8216,0.244,10158,1,0
17057,0.048,13889,0,0
25394,0.536,15441,0,1
21410,0.266,47189,1,1
7750,0.13,6987,1,0
5654,0.539,13840,1,1
10619,0.089,9774,1,1
5000,0.356,7050,1,0
11632,0.294,15841,2,0
9193,0.169,5000,2,0
7839,0.089,11892,0,0
5000,0.453,9062,1,0
12794,0.216,25058,1,0
7582,0.423,11354,2,0
5513,0.033,11614,0,0
5000,0.452,9897,1,0
9761,0.482,7881,2,0
24007,0.343,29850,1,0
22711,0.175,15884,0,1
7875,0.219,5356,1,1
7323,0.297,13882,2,0
12511,0.251,18941,1,0
6007,0.186,9984,1,1
11509,0.477,22299,0,0
14516,0.137,14257,1,1
18278,0.492,22717,1,0
9413,0.191,15761,0,1
8938,0.302,5389,1,1
6380,0.435,13714,1,1
6545,0.131,7339,0,0
8837,0.156,15760,2,0
11892,0.22,29621,2,0
15627,0.287,21851,1,0
6623,0.601,5640,2,0
20875,0.049,17838,0,0
8642,0.182,5000,1,0
9791,0.247,19690,1,0
6811,0.367,6922,0,1
5000,0.24,5000,2,1
15398,0.096,29238,1,0
14305,0.244,15009,1,0
8598,0.13,14281,1,0
10234,0.433,13073,1,1
12809,0.616,14112,1,1
5000,0.278,7139,1,0
7596,0.084,8044,1,1
14722,0.121,32804,1,0
5286,0.193,5000,1,1
11461,0.509,5310,2,0
5022,0.122,6295,0,1
12496,0.1,9534,2,0
9722,0.046,19073,0,1
5000,0.299,5711,1,0
17718,0.082,16815,1,0
6854,0.098,7915,2,0
6600,0.481,5682,0,0
10941,0.305,11261,1,0
17576,0.332,27995,1,0
5955,0.144,13188,1,0
10207,0.515,12032,0,1
12263,0.441,13164,1,0
13996,0.268,28577,0,0
10809,0.121,5000,0,0
8237,0.532,8520,1,0
6543,0.097,8830,2,0
10332,0.278,17166,2,0
5790,0.065,5000,0,0
5000,0.596,6544,1,1
12311,0.236,19565,0,1
15552,0.092,22885,1,0
5000,0.065,8032,1,1
5973,0.451,10699,1,0
13488,0.165,16141,1,0
27687,0.026,14775,2,0
10000,0.218,5166,1,0
6877,0.748,15153,1,1
9032,0.185,16461,2,0
19681,0.714,39457,0,1
7165,0.581,16842,1,1
6636,0.339,13115,1,0
7774,0.147,14412,2,0
6144,0.362,10919,1,1
10523,0.215,9923,0,1
22299,0.319,53749,2,0
11632,0.129,17893,2,0
8723,0.16,7558,2,1
8553,0.374,7190,1,1
5000,0.306,10560,1,0
15391,0.035,14243,2,1
9519,0.416,5000,1,1
9043,0.242,11753,0,0
40000,0.128,84657,2,0
11491,0.488,14598,1,0
6796,0.222,14186,0,1
7996,0.237,17090,1,0
17574,0.403,38685,0,0
10473,0.21,17142,1,1
5000,0.042,9344,2,0
15671,0.121,14886,1,0
7086,0.45,5000,1,0
25251,0.097,38353,2,0
16983,0.34,7170,2,1
7913,0.312,10905,1,1
18779,0.341,11537,1,0
10238,0.249,6426,2,0
15159,0.12,33785,0,1
12611,0.203,22008,1,0
6482,0.206,11376,1,0
7174,0.527,8963,0,0
16563,0.407,21000,1,0
8371,0.121,8677,1,0
8088,0.391,10613,0,1
6139,0.068,10024,1,0
12231,0.301,9685,1,0
27757,0.283,26356,0,1
5803,0.14,8351,2,0
10017,0.066,12101,1,0
20052,0.128,42529,2,1
9510,0.132,20215,1,0
12409,0.133,13719,0,0
5818,0.379,7835,0,1
12260,0.037,30048,2,0
9013,0.489,19267,1,0
16201,0.119,13818,2,0
17920,0.323,17713,2,0
36126,0.373,20783,0,1
13224,0.477,24113,2,0
11648,0.393,12410,0,1
10907,0.18,16653,1,1
8295,0.144,16698,1,0
11722,0.408,25269,0,0
8538,0.437,9249,0,1
10766,0.277,9671,1,1
19125,0.121,41731,1,0
5983,0.223,7183,1,0
17499,0.363,37207,1,1
19121,0.106,13662,1,0
9329,0.33,21598,1,1
5000,0.17,7072,1,0
7303,0.157,5530,2,0
18929,0.24,28842,2,0
9784,0.476,21790,2,1
6005,0.379,7311,0,0
7689,0.327,5951,1,0
15067,0.764,24270,1,0
13008,0.47,27999,2,1
8782,0.242,5751,1,1
8238,0.22,5000,1,0
8136,0.413,5000,1,1
6240,0.329,5516,0,1
22196,0.093,9218,1,0
8423,0.144,10952,0,1
18189,0.092,33927,0,1
21176,0.122,40065,1,1
16303,0.168,28321,0,1
7975,0.24,8151,0,0
12110,0.177,23561,1,0
9778,0.18,15748,2,0
6299,0.34,13911,1,0
11639,0.242,16339,1,0
5488,0.5,5000,1,0
17922,0.387,31056,1,1
7845,0.348,5622,2,0
10944,0.418,26513,0,1
11403,0.114,21402,1,0
8695,0.371,17288,1,0
13271,0.155,24239,2,0
7805,0.498,5000,1,0
15300,0.279,21070,2,0
5049,0.173,8927,0,1
10542,0.542,9294,1,1
26094,0.359,47672,1,0
6001,0.217,12734,1,1
7052,0.564,6892,2,0
12796,0.584,10482,1,1
10826,0.23,24410,1,0
11793,0.041,5000,1,0
12639,0.221,11844,2,0
13593,0.374,17048,2,0
17237,0.205,31230,2,0
12147,0.104,30294,0,0
8772,0.282,10340,1,1
13853,0.172,33144,0,1
25589,0.424,29945,1,1
9262,0.058,17233,0,1
6079,0.532,5000,2,1
17215,0.455,23530,2,0
9318,0.069,20778,0,0
5000,0.124,5359,2,0
15119,0.235,9387,0,1
7572,0.534,11341,1,0
9459,0.148,12514,2,0
11684,0.203,10305,1,0
10886,0.422,25057,0,1
14111,0.284,23474,2,1
7960,0.253,8988,1,1
12791,0.123,31875,2,0
8692,0.396,5988,2,1
14319,0.524,31227,2,0
13462,0.409,11905,1,0
6199,0.262,5598,2,1
17034,0.317,24634,2,0
7570,0.19,13551,1,1
14824,0.376,27424,2,0
11892,0.361,5309,2,0
24812,0.332,24871,2,0
8850,0.204,15818,0,1
8311,0.25,18853,0,1
9801,0.174,17709,1,0
8505,0.309,8150,1,0
14764,0.224,21649,0,1
5000,0.2,8799,1,0
5843,0.782,5000,2,0
5802,0.037,8961,1,0
15917,0.34,22132,1,0
23278,0.076,25768,2,0
9393,0.256,16057,1,0
9095,0.412,15791,0,1
10249,0.132,25010,1,0
17693,0.056,22991,2,0
6224,0.345,9434,1,0
11149,0.151,8147,1,0
16116,0.113,25005,2,0
12715,0.213,6049,0,1
10881,0.602,7777,2,0
16326,0.196,12401,1,0
5000,0.167,8642,1,1
13890,0.21,22103,1,0
7136,0.099,14814,0,0
5000,0.214,6876,1,1
12779,0.53,17855,0,1
19669,0.117,14541,2,0
9239,0.125,18106,1,0
15937,0.384,6497,1,0
22162,0.42,28639,1,0
19100,0.489,15193,0,1
22471,0.049,45371,2,0
14343,0.192,26021,1,0
10277,0.407,19365,0,1
5000,0.088,5000,1,1
8751,0.479,15791,0,1
6492,0.419,12016,0,1
29303,0.085,11883,2,0
9063,0.185,9670,1,0
10525,0.198,6139,0,1
13039,0.333,23874,1,0
10115,0.215,8551,1,0
23098,0.144,22077,1,1
7249,0.552,5000,0,1
10908,0.182,15446,2,0
6827,0.253,5000,0,1
5115,0.354,11129,1,1
7288,0.187,5000,2,0
9715,0.36,5143,1,0
7985,0.203,13933,2,0
7000,0.608,16280,2,0
5000,0.165,11367,1,0
9494,0.208,5465,0,0
5000,0.449,5028,0,1
14472,0.482,21624,2,0
10313,0.254,5000,0,1
5000,0.614,7550,1,0
8479,0.068,11365,0,1
6794,0.248,11114,0,1
11609,0.201,27081,0,0
19345,0.275,18894,2,0
5000,0.15,8710,2,0
10483,0.283,13655,2,1
9135,0.097,12002,2,0
13844,0.24,24356,0,0
11010,0.239,26400,2,1
6795,0.297,15034,0,1
8437,0.245,14707,0,1
6647,0.19,9101,1,0
16949,0.131,21871,1,0
10003,0.339,20536,0,1
25606,0.186,21976,2,0
9601,0.381,15689,1,1
6945,0.193,10142,1,0
5000,0.115,8818,2,0
5000,0.074,5000,2,0
5000,0.154,9305,2,0
11311,0.587,19418,1,1
12763,0.083,9934,2,0
5000,0.117,6721,1,1
15483,0.244,28258,1,0
7773,0.164,17827,0,1
10650,0.238,6991,0,1
22161,0.345,9271,0,0
15497,0.533,11573,1,1
8653,0.184,21439,1,0
6338,0.628,12763,1,0
5000,0.494,8450,0,0
6907,0.153,5000,1,0
8905,0.505,11343,1,0
6041,0.137,11490,1,1
9268,0.084,21144,1,0
10284,0.117,12360,1,0
8844,0.213,22105,1,1
7150,0.036,5000,0,1
10767,0.117,13056,1,1
12344,0.054,27631,0,0
5737,0.637,10125,0,1
20039,0.193,42141,1,0
9421,0.366,21728,0,0
9990,0.174,14640,1,0
14102,0.245,12593,1,0
11121,0.072,20649,1,0
15939,0.147,25237,1,0
11425,0.291,23107,1,0
7286,0.07,10744,1,1
11857,0.16,24941,1,1
5586,0.275,12817,1,1
10449,0.097,20628,0,1
9734,0.511,19095,1,1
8919,0.222,14565,1,0
9281,0.351,12904,1,0
5000,0.216,12212,2,0
7522,0.31,13199,1,1
10367,0.166,22442,1,1
10720,0.101,15666,2,0
5920,0.097,9266,2,0
18636,0.336,33397,2,0
6418,0.219,12387,2,0
16070,0.155,21559,0,0
12253,0.083,14070,0,0
7164,0.216,6467,0,0
24044,0.23,31008,2,0
5448,0.331,5000,1,0
15671,0.33,19983,1,0
16322,0.463,36509,1,1
7077,0.051,17353,2,0
19855,0.303,32005,2,0
8733,0.198,6171,0,1
11434,0.215,14839,0,0
11272,0.166,18762,1,0
9254,0.077,10907,1,0
14844,0.145,12333,1,0
14716,0.231,12896,2,0
5000,0.313,6976,2,1
18999,0.338,16235,0,1
5000,0.103,5000,0,1
16585,0.246,37042,1,1
17384,0.3,35395,0,1
5735,0.257,5000,0,1
8059,0.032,8642,0,1
5693,0.261,8637,1,0
8888,0.177,5000,1,1
8484,0.182,15565,2,0
14615,0.444,17645,0,1
19056,0.412,23516,2,0
19887,0.182,19035,0,1
7471,0.211,8228,1,0
8914,0.106,19696,1,0
5000,0.079,10280,1,0
6614,0.439,15644,1,1
16033,0.526,29948,2,0
22198,0.414,35818,0,0
5339,0.635,5042,1,1
7359,0.294,13250,0,1
9767,0.241,22493,1,1
11385,0.325,6207,0,0
6602,0.284,8784,1,0
12234,0.279,8731,0,0
7809,0.25,16417,1,0
9825,0.269,16601,0,0
13005,0.369,29227,0,1
9928,0.117,5287,0,0
7956,0.398,18317,1,1
9369,0.353,5069,2,0
9469,0.051,9506,1,0
8225,0.306,5987,1,1
8695,0.416,6133,2,0
22011,0.14,16739,1,0
13101,0.377,18452,1,0
8537,0.497,17478,2,1
14023,0.288,32062,2,0
8375,0.371,13321,0,1
17793,0.095,13011,2,0
11906,0.413,6742,1,1
9380,0.278,13485,1,1
12380,0.473,24850,2,1
5000,0.406,8511,1,0
5634,0.259,9149,1,1
5448,0.278,5000,2,0
10630,0.198,13439,1,0
23535,0.283,36616,1,1
30201,0.523,50026,2,0
13616,0.25,5584,2,0
12713,0.52,10413,2,0
5000,0.53,11972,1,1
7545,0.136,11077,1,0
6674,0.231,12533,1,0
7255,0.167,7598,1,1
9099,0.442,14824,2,0
7816,0.261,8977,1,0
5000,0.279,5118,1,0
14385,0.431,18181,1,0
5788,0.618,7904,0,0
11154,0.617,12219,1,0
27918,0.223,26292,2,0
6249,0.541,10687,2,1
5000,0.377,5997,1,0
8578,0.389,7067,2,0
17162,0.639,34197,2,1
26348,0.111,50585,0,1
5351,0.235,12107,0,0
12687,0.528,19862,2,1
7842,0.222,7739,1,1
9386,0.343,20779,1,0
37129,0.188,36707,1,0
5000,0.215,8883,2,0
11235,0.371,8986,1,0
12504,0.421,21523,2,0
17032,0.194,36889,2,0
10394,0.419,15943,2,0
11545,0.245,16034,2,0
8136,0.401,20230,0,1
11322,0.273,5062,2,0
8336,0.337,9142,1,1
13504,0.262,31452,1,1
8227,0.082,14393,2,0
11950,0.222,18385,0,1
9753,0.286,16962,2,0
17379,0.252,18701,2,0
9646,0.665,5300,2,0
5000,0.418,5000,2,0
18600,0.339,20584,1,0
6292,0.283,8858,1,0
7137,0.063,8759,2,0
7347,0.273,10978,0,1
19677,0.405,15973,2,0
5000,0.178,5000,0,0
40000,0.177,45543,1,0
16781,0.117,23406,0,0
11065,0.134,12367,0,1
9629,0.802,15510,1,1
11416,0.417,11998,1,0
12843,0.345,9915,1,0
13665,0.342,30226,0,1
13066,0.609,10731,1,0
10350,0.487,25151,2,1
8967,0.053,22180,0,1
9176,0.149,17097,1,1
8978,0.36,13056,1,0
17446,0.309,36120,2,1
13316,0.287,29745,0,0
5000,0.107,9450,0,1
13738,0.236,8439,0,1
10909,0.389,5000,2,0
9804,0.197,7873,2,1
8149,0.093,6486,2,0
17362,0.434,13599,2,0
15895,0.089,23374,0,0
6724,0.426,10034,0,1
12131,0.247,23271,2,0
6088,0.247,5011,1,1
5000,0.387,5000,1,1
7234,0.198,13013,1,0
15232,0.533,21575,0,0
15939,0.152,28679,2,0
12791,0.383,15344,1,0
14222,0.181,28112,1,0
12811,0.32,23489,1,0
7181,0.307,12680,2,1
12282,0.354,5624,1,0
14767,0.108,32519,0,1
14431,0.472,17185,0,1
17934,0.419,12281,0,1
14103,0.339,28019,1,1
11798,0.178,16772,1,1
16900,0.177,7895,2,0
9766,0.468,19943,2,0
6368,0.125,8365,1,0
9122,0.206,18110,2,0
6819,0.582,13548,2,0
7061,0.216,5000,2,1
9207,0.348,15539,0,1
6659,0.221,7700,1,0
8484,0.571,13129,1,1
5000,0.597,5000,2,1
11010,0.474,18004,1,1
9903,0.313,20131,2,0
6577,0.301,16262,2,0
13761,0.411,14760,1,1
15816,0.435,11478,0,0
5000,0.273,5841,0,1
6759,0.434,5000,2,0
6737,0.322,8478,2,0
6186,0.092,14355,1,0
14983,0.186,12109,0,0
8982,0.357,12605,0,0
8671,0.348,13895,0,1
5000,0.356,5000,1,0
13598,0.591,14866,1,0
5326,0.085,12323,2,0
10198,0.344,10412,2,0
11369,0.494,19717,1,1
19542,0.347,13437,2,0
5144,0.184,9293,2,1
5000,0.137,5000,2,0
10850,0.109,9609,1,0
24349,0.203,16088,1,0
18388,0.346,9163,1,0
10990,0.259,26735,2,1
7740,0.696,9823,2,0
14817,0.1,30123,0,1
6082,0.244,14186,1,1
12558,0.135,10404,1,0
12742,0.075,28374,1,0
16816,0.727,31729,0,1
39333,0.502,63474,2,1
12042,0.297,25278,0,1
7673,0.432,5000,1,1
9771,0.156,9317,2,0
5000,0.143,5000,2,1
6992,0.033,15954,1,0
8065,0.407,5000,2,0
7615,0.517,18718,2,1
10680,0.22,6736,0,0
6560,0.085,11741,0,1
17335,0.396,30979,1,0
9898,0.345,23316,2,0
9851,0.38,10625,2,0
8400,0.173,9217,0,0
10695,0.236,23286,1,1
14951,0.494,36705,2,0
6415,0.13,5000,1,0
7121,0.404,12350,2,0
8502,0.281,7751,1,0
5049,0.316,9739,1,0
6570,0.43,13290,1,1
7800,0.628,15610,2,1
15324,0.265,20144,2,0
11285,0.088,8254,2,0
10903,0.032,17750,2,0
15145,0.468,31153,0,0
9240,0.195,21396,2,0
12030,0.27,16248,0,1
9399,0.057,8608,2,0
11301,0.139,7340,1,1
7395,0.205,15345,0,1
5000,0.457,7620,1,1
9254,0.228,16804,1,1
20158,0.579,14804,2,1
15726,0.128,6507,1,0
16037,0.091,39002,2,0
18362,0.252,38613,1,0
10345,0.241,12829,2,1
10923,0.161,14855,2,0
7267,0.317,17086,0,0
8450,0.225,7065,1,1
13465,0.193,28088,2,1
18068,0.464,7907,2,0
9230,0.428,20667,1,0
7902,0.383,12939,0,1
9899,0.656,13888,0,0
13367,0.189,25179,0,1
5000,0.383,5000,0,0
5000,0.52,5000,1,0
7515,0.358,9429,0,1
5375,0.522,9125,0,1
7676,0.198,5400,2,0
9192,0.325,11002,0,1
7890,0.313,7478,1,0
20460,0.104,35921,0,1
11653,0.281,27158,1,0
11501,0.148,8609,1,1
13508,0.469,10772,0,1
5600,0.15,9302,2,0
16639,0.592,22505,1,1
9529,0.496,18181,1,1
13838,0.072,13902,0,0
5791,0.141,8942,1,0
5000,0.199,6061,1,0
14897,0.371,14758,1,0
11946,0.541,23075,1,0
6304,0.309,13058,0,1
6407,0.56,6988,1,0
17373,0.22,29678,2,1
5460,0.284,5000,0,0
22501,0.234,46376,1,1
6308,0.495,6249,1,1
13618,0.236,10336,0,0
8397,0.535,19935,2,0
13381,0.342,17224,1,0
7539,0.147,13204,1,0
9123,0.345,19153,1,1
10101,0.238,18596,1,0
5996,0.413,9508,1,0
14334,0.477,16920,1,1
7657,0.453,17832,2,0
8828,0.34,6007,1,0
6019,0.217,13582,1,0
5000,0.287,9453,2,1
8995,0.126,14392,1,0
33067,0.621,35778,2,0
14651,0.223,10354,1,0
9802,0.363,13043,1,0
8678,0.073,17754,1,0
10008,0.313,19669,1,1
13011,0.072,22840,1,0
5484,0.587,13623,0,1
17277,0.218,42200,1,1
14153,0.374,17550,2,0
14172,0.364,11399,1,1
12323,0.103,16932,1,1
9994,0.2,21724,2,0
13855,0.211,18884,0,1
13305,0.044,14709,2,0
8291,0.371,16222,2,0
7429,0.058,13115,1,0
10414,0.405,25350,0,1
21472,0.337,33355,0,1
5326,0.474,12952,0,1
5000,0.034,5054,2,0
10746,0.579,23816,2,1
10152,0.022,11542,2,0
10793,0.372,22669,1,1
11181,0.072,26214,2,0
8852,0.236,15125,2,0
20846,0.072,40232,1,0
5000,0.191,12065,0,0
6540,0.353,7768,1,1
9399,0.32,13857,1,0
5000,0.207,11432,1,1
9064,0.489,16432,1,1
22713,0.078,50755,2,0
10001,0.067,16985,2,0
11107,0.074,21697,1,1
5270,0.232,5000,1,0
7272,0.055,8096,1,1
8204,0.277,16555,0,1
8443,0.229,10540,1,0
18785,0.185,21827,0,0
13080,0.079,31369,1,1
5677,0.434,8858,0,1
11195,0.254,9003,1,0
12696,0.235,17669,0,0
17502,0.17,26064,0,0
21813,0.287,54016,2,0
5957,0.563,11368,1,0
6598,0.134,9836,1,1
5277,0.14,6898,1,1
8804,0.095,20448,2,0
12496,0.292,21949,2,0
16214,0.395,18610,2,0
9528,0.111,13108,0,0
8434,0.234,8299,2,0
10677,0.211,25806,2,0
6518,0.326,12216,0,0
28134,0.338,34432,1,0
5000,0.187,5000,1,0
10854,0.083,8377,2,0
27222,0.092,38200,0,1
9930,0.149,13723,1,1
9000,0.294,11496,2,0
8277,0.111,18117,0,1
9043,0.298,22213,0,1
19661,0.287,22515,2,1
5000,0.672,5093,2,1
21305,0.521,42977,1,1
5000,0.788,6722,1,0
8661,0.33,7422,2,0
7985,0.32,6228,2,0
13283,0.116,13139,2,0
5000,0.518,5000,1,0
12470,0.159,29641,1,0
27232,0.136,35497,0,0
5006,0.532,5000,0,1
10881,0.407,8122,2,0
7108,0.117,7669,0,0
12245,0.14,19085,0,0
9992,0.163,18763,1,0
7181,0.255,7515,0,1
12631,0.372,30454,1,0
24395,0.438,48710,1,1
8996,0.261,19199,1,0
14184,0.214,15313,1,0
5184,0.371,6221,1,1
6135,0.255,9386,1,0
12534,0.127,16902,0,1
20786,0.528,19659,2,0
11823,0.226,29489,1,0
8463,0.139,18462,1,0
9893,0.192,8902,1,1
5296,0.395,12044,0,1
13389,0.121,21858,0,1
15385,0.523,6559,2,1
7894,0.336,8896,1,1
7824,0.399,5000,1,1
11304,0.35,6605,2,1
7955,0.118,6172,0,1
9575,0.354,13570,2,0
28278,0.091,33954,1,1
8747,0.341,6235,1,0
8273,0.2,10164,2,0
7159,0.204,7439,1,1
14358,0.12,18110,0,1
9039,0.218,6886,2,0
7153,0.329,12020,2,0
19161,0.091,9456,1,0
20126,0.148,24444,1,0
7330,0.283,16707,1,1
5000,0.027,6406,1,0
16379,0.051,21722,2,0
7028,0.13,5000,1,0
14695,0.284,24560,2,1
5000,0.32,11832,2,1
15464,0.348,15655,0,1
5401,0.314,6621,1,1
14262,0.337,23320,1,1
9968,0.157,5938,1,0
6142,0.267,14715,0,1
8074,0.306,11158,1,0
13948,0.371,8951,0,0
10435,0.043,11520,2,0
13256,0.232,15708,2,0
26588,0.353,29919,1,1
5000,0.136,9278,1,0
22216,0.166,25007,2,0
10427,0.113,11262,1,0
6314,0.543,6796,0,1
5089,0.134,10348,2,0
9004,0.175,9432,1,1
15690,0.201,6737,1,0
9285,0.107,10842,2,0
21069,0.297,20738,2,0
5000,0.23,11544,2,0
9837,0.626,13807,1,1
5291,0.159,5000,0,0
11870,0.07,29217,2,0
15420,0.527,14158,1,1
8019,0.231,16057,1,1
5000,0.203,8820,1,0
10932,0.254,14984,2,1
12312,0.414,15418,0,0
12114,0.59,27039,2,1
18359,0.077,25660,1,0
5793,0.644,6883,2,0
13906,0.087,15907,1,0
17966,0.511,17594,1,0
5000,0.108,6294,2,0
11612,0.28,7569,1,0
7691,0.15,5000,1,0
9501,0.232,14605,1,0
11776,0.418,15944,0,1
7757,0.412,5927,2,0
7059,0.33,5000,2,0
10067,0.135,7055,1,0
5746,0.337,6103,2,0
5750,0.153,7752,2,0
13900,0.277,11204,1,0
5572,0.361,11071,1,1
13810,0.113,11130,1,0
12472,0.136,8240,1,0
5000,0.127,12442,1,0
7053,0.242,9452,1,0
17980,0.327,13611,0,0
6059,0.191,13807,2,1
7846,0.566,6946,1,1
12469,0.098,29224,2,0
14642,0.315,9515,0,0
8727,0.569,18919,0,0
7341,0.041,5777,1,0
20154,0.111,47776,0,1
23610,0.076,37916,1,1
16146,0.19,12897,0,1
10328,0.085,22455,1,0
6606,0.122,8061,1,0
6534,0.51,12668,1,1
12852,0.342,22506,1,1
12200,0.402,23180,2,0
19946,0.18,22375,2,1
13701,0.423,32492,1,1
5000,0.099,7878,2,0
16746,0.207,9426,1,0
6008,0.163,5000,1,1
8168,0.442,15930,0,1
11216,0.248,24506,1,1
26844,0.218,49933,0,1
40000,0.201,39309,1,0
13404,0.413,11721,2,1
9030,0.214,14335,2,0
12929,0.078,10514,2,0
15426,0.616,18451,1,0
8430,0.305,14503,0,1
24284,0.048,24243,1,0
11103,0.252,13195,0,1
12693,0.056,14687,1,0
13807,0.158,18876,1,0
12219,0.49,22192,1,0
15055,0.345,30756,1,0
7268,0.159,13060,1,0
7486,0.612,5000,0,1
5709,0.071,13037,1,0
12329,0.202,19979,1,0
14610,0.295,34078,2,1
12442,0.456,30162,1,1
22862,0.288,31606,1,0
9869,0.196,22940,2,1
13826,0.069,16140,1,0
5733,0.327,5428,2,0
8155,0.168,5000,1,1
14013,0.57,18901,2,1
15131,0.194,27936,0,0
8544,0.046,20945,1,0
9549,0.159,14273,2,0
5000,0.12,9711,1,1
8279,0.207,18892,0,0
15447,0.171,23799,0,1
13195,0.25,9899,0,1
12712,0.136,27728,1,1
10146,0.17,16292,2,0
9932,0.486,19793,0,1
7114,0.439,12683,0,1
14036,0.362,7413,0,1
12215,0.215,9224,1,1
12657,0.285,12671,2,0
7608,0.115,7592,1,0
5000,0.13,10811,1,0
17129,0.173,28372,0,1
7789,0.549,5000,0,1
6429,0.113,7799,0,0
13998,0.319,21954,0,0
8135,0.435,7551,0,1
16814,0.647,8132,2,0
13473,0.597,16149,1,0
13929,0.435,19062,1,1
5000,0.238,11500,1,0
18141,0.255,41863,0,1
11278,0.089,16362,0,1
8228,0.08,11438,0,1
10632,0.218,18554,0,1
5000,0.406,5000,2,0
12140,0.41,12140,0,1
5915,0.443,5000,1,0
5032,0.37,5000,1,0
5000,0.212,5000,1,0
17263,0.241,30128,1,1
7225,0.276,6116,0,1
21308,0.087,14075,1,1
7571,0.092,12827,2,0
5000,0.414,8843,1,1
5663,0.141,5000,2,0
18359,0.143,37142,1,1
9154,0.346,15315,1,0
7524,0.086,9283,1,0
10721,0.195,26425,2,0
12719,0.435,5360,1,0
17304,0.325,26720,2,0
20419,0.066,15016,1,0
8267,0.248,9025,2,0
5099,0.052,5000,1,0
8048,0.072,14513,2,1
11272,0.044,14015,0,0
6112,0.337,15105,1,0
6132,0.137,10874,2,0
11753,0.153,27343,1,0
9659,0.151,8748,2,0
10060,0.11,10759,2,0
6773,0.178,7868,0,0
8820,0.197,19059,1,1
6234,0.644,5265,0,0
15445,0.539,36886,0,1
16607,0.416,8162,1,1
5000,0.277,11343,0,1
6218,0.195,8382,1,0
5000,0.566,7521,2,0
7150,0.307,17838,1,1
9492,0.282,21141,2,0
5000,0.329,11492,1,1
6242,0.504,10172,1,0
5991,0.272,14428,1,0
10977,0.084,20247,0,1
10246,0.033,21728,1,0
6898,0.119,13204,1,0
10811,0.309,22055,1,0
7530,0.153,13100,1,1
8640,0.369,16636,1,0
22850,0.428,30059,0,0
19345,0.331,36455,1,0
5167,0.105,5071,0,1
14985,0.136,25976,1,1
14849,0.599,22271,1,1
5574,0.586,12747,2,1
14904,0.598,27032,2,0
21353,0.449,35295,1,0
5646,0.582,5970,2,0
6255,0.086,13836,1,0
16462,0.157,8457,1,1
11336,0.375,25953,2,0
13039,0.106,23096,2,0
11734,0.268,9363,1,1
12032,0.15,27629,2,0
5098,0.555,5533,0,1
16708,0.266,12587,2,0
17761,0.169,19008,0,1
8824,0.587,21340,1,1
9684,0.141,19182,2,1
5000,0.281,11626,2,0
12799,0.477,13152,1,0
13174,0.109,7550,2,1
9594,0.235,15175,0,1
17364,0.098,24558,0,0
8374,0.338,16022,2,0
13125,0.46,20208,2,0
5944,0.207,7326,2,0
9781,0.273,5000,2,0
9070,0.446,12538,0,0
11077,0.169,7237,0,1
8227,0.142,19221,2,0
9267,0.315,21644,1,1
14958,0.292,31227,2,0
7955,0.18,5819,2,0
5000,0.444,5000,1,0
23737,0.287,37574,1,0
19746,0.391,38064,1,1
5186,0.427,11927,0,1
13972,0.203,31822,1,0
7696,0.271,5589,2,0
11290,0.265,28119,1,1
11465,0.193,8361,0,1
8802,0.224,19050,0,1
6688,0.452,10919,0,0
7007,0.27,12784,1,1
6259,0.159,10443,1,1
6529,0.089,14536,1,1
9570,0.097,16632,1,0
6919,0.091,15100,1,0
13919,0.573,10079,2,1
20819,0.393,46220,1,0
7405,0.272,18404,1,1
11155,0.556,19959,1,0
12706,0.337,31134,0,1
12531,0.073,10799,1,0
10280,0.11,22015,2,0
14347,0.228,10832,0,1
12595,0.202,18685,0,1
5330,0.297,9565,1,0
15284,0.422,27306,2,1
15423,0.178,27898,1,0
6757,0.722,7256,1,0
10086,0.339,24660,1,0
13928,0.356,5762,2,1
8913,0.256,15189,2,0
16924,0.437,37551,1,1
32271,0.27,73299,2,0
6680,0.157,12776,0,1
5000,0.314,8035,1,0
11520,0.345,15672,1,1
14196,0.209,19080,1,0
8818,0.163,11399,0,0
20468,0.245,38271,2,0
5067,0.289,9809,0,1
13995,0.346,20726,0,1
7310,0.391,14297,2,0
23381,0.302,35299,0,1
26802,0.197,16200,1,0
6745,0.335,14762,0,1
7519,0.194,16752,0,0
15211,0.107,14596,1,0
8155,0.173,16730,1,0
9674,0.237,14255,1,1
10023,0.3,6620,2,0
5000,0.219,6178,1,0
9828,0.315,5511,1,0
7010,0.264,14382,0,0
7734,0.234,6281,2,0
20369,0.085,15180,2,0
5280,0.063,5000,1,0
14862,0.103,13002,0,0
8608,0.197,15627,1,0
8605,0.139,14982,1,0
14693,0.245,9868,2,0
11731,0.117,22539,1,0
13164,0.205,14916,1,0
16060,0.083,21852,0,1
8386,0.128,5553,0,1
7287,0.36,13759,2,0
5752,0.393,6846,1,1
6550,0.158,11315,1,0
40000,0.174,51886,1,1
18441,0.225,9268,0,1
5036,0.536,9455,0,0
5109,0.251,7971,2,0
12593,0.13,16521,2,0
13012,0.485,10712,2,0
13022,0.08,22283,1,0
8712,0.236,8520,2,0
9295,0.511,12095,1,0
11660,0.11,6047,1,0
10331,0.245,20984,0,1
5000,0.236,5000,2,0
8822,0.68,20034,1,1
6465,0.381,14366,1,0
10803,0.443,26352,2,0
40000,0.315,92309,2,1
11893,0.39,29019,2,0
8461,0.229,19149,1,0
15691,0.304,9984,1,0
12598,0.089,16619,1,0
12210,0.049,6836,1,0
13405,0.736,20713,1,1
27674,0.629,41857,1,1
5622,0.489,13137,2,0
12541,0.343,30556,1,0
6227,0.711,5887,1,1
13065,0.258,21203,0,1
6252,0.615,8598,1,1
8033,0.454,12436,1,1
8539,0.429,12951,1,1
16121,0.315,37396,0,1
15665,0.484,35746,2,0
5308,0.098,5000,2,0
10172,0.465,11441,1,0
6941,0.466,13749,1,1
5275,0.583,9686,1,0
8879,0.439,15321,2,1
8482,0.342,21095,1,0
33301,0.417,36883,1,1
12289,0.275,18212,2,0
5000,0.195,12281,1,1
7462,0.267,13884,1,0
16493,0.155,29064,2,1
28119,0.317,20385,1,0
5000,0.417,5000,2,0
5000,0.088,5963,2,0
25222,0.329,34710,2,1
12025,0.175,17366,2,0
6411,0.432,14711,2,0
12930,0.325,8083,1,0
5000,0.337,5000,0,0
9913,0.06,6955,1,1
11659,0.21,22668,1,0
15711,0.297,38307,1,1
5961,0.398,13575,2,0
10330,0.272,19823,1,0
6230,0.329,5000,1,0
11245,0.049,12693,0,1
6325,0.265,14001,1,1
8070,0.599,14296,1,0
6015,0.362,5053,1,0
13705,0.19,18908,1,1
15202,0.33,8887,2,0
8801,0.233,13146,1,1
10088,0.373,23123,1,1
5000,0.429,5000,2,0
8519,0.372,14391,2,0
9651,0.352,8585,1,0
36695,0.215,90996,1,0
5676,0.169,5000,2,0
20580,0.357,34910,0,0
16291,0.124,15288,1,0
11388,0.254,25659,0,1
23844,0.453,15643,0,1
11920,0.67,15514,2,1
12023,0.491,9489,1,0
9637,0.485,20035,1,0
18247,0.062,20766,2,0
17123,0.352,13563,2,0
7238,0.391,13929,0,0
5117,0.187,10828,0,0
8941,0.266,12259,2,0
6634,0.362,7931,1,1
9587,0.162,16562,2,1
18374,0.51,32484,1,0
7874,0.426,14075,1,1
9687,0.266,9484,0,1
10188,0.512,24215,1,1
15126,0.087,12830,2,0
5000,0.178,5928,0,1
7307,0.359,7276,2,0
10999,0.524,25908,0,0
18034,0.323,38586,1,1
7739,0.391,16280,0,1
5000,0.09,5000,1,0
13492,0.391,24830,1,0
7203,0.504,6364,1,0
5459,0.567,13279,1,0
7243,0.166,10970,1,1
9024,0.2,14312,1,0
7314,0.271,8401,2,0
5000,0.532,7635,2,1
15499,0.038,30602,1,1
18721,0.093,29580,1,0
13708,0.163,23943,1,1
5603,0.282,7801,1,0
8948,0.26,17042,1,1
9864,0.192,22581,1,0
13351,0.103,6772,2,1
13824,0.365,8644,1,0
6856,0.267,12613,1,0
10311,0.272,12303,0,1
12439,0.537,12332,2,0
20494,0.257,15884,1,0
14076,0.28,22557,0,1
14684,0.326,16590,2,0
10320,0.347,15137,2,0
20034,0.175,48343,1,1
12147,0.653,24202,2,1
6434,0.107,13329,1,0
19963,0.46,13192,0,1
14029,0.409,15186,2,0
7930,0.241,5000,2,0
7787,0.265,18953,0,1
11479,0.08,21036,2,0
12476,0.468,5494,2,0
10923,0.299,15276,2,1
11564,0.385,11025,0,0
23155,0.567,35518,1,0
16911,0.102,13109,0,0
10886,0.22,5654,1,0
15845,0.428,17092,1,1
5906,0.217,6027,1,1
12075,0.276,23012,0,0
24456,0.367,34154,1,0
8874,0.148,8979,0,0
6478,0.457,10351,1,1
7143,0.354,5000,1,0
5739,0.435,10279,1,0
6684,0.269,5000,1,1
8223,0.232,8119,0,1
5000,0.485,5000,0,1
9974,0.057,13748,2,0
15539,0.222,37320,1,0
6286,0.136,6800,0,0
21155,0.309,20960,2,0
12776,0.205,9639,1,1
16569,0.364,20266,0,1
7122,0.193,5572,2,0
15172,0.301,10458,2,0
5733,0.141,12615,1,1
15446,0.3,7885,2,0
10785,0.063,20413,0,0
13051,0.482,10772,2,0
5498,0.367,5000,0,0
6326,0.523,13094,1,0
13341,0.257,25012,1,0
6159,0.579,6788,0,1
12476,0.507,7069,2,1
5000,0.368,5787,0,1
15124,0.397,11809,2,0
5344,0.062,12602,1,0
13044,0.278,19726,2,0
13532,0.333,32802,1,0
6985,0.074,7947,1,0
13240,0.281,20768,2,0
11273,0.32,9010,1,0
7559,0.14,15857,1,0
5977,0.324,5000,0,1
5000,0.262,9303,0,1
11787,0.338,14410,2,0
5000,0.305,8073,1,1
10380,0.181,17062,1,0
8675,0.248,16420,0,0
13898,0.353,11521,1,0
8509,0.152,12900,1,0
8394,0.39,10883,0,0
14270,0.164,14164,1,0
11702,0.374,16863,0,1
11592,0.457,27812,1,0
12514,0.132,29942,1,1
5000,0.291,5000,1,0
14449,0.382,32609,0,1
13443,0.38,30128,0,0
5953,0.278,5501,0,1
8760,0.079,14522,1,1
9704,0.416,21610,0,0
9253,0.335,13708,1,0
11695,0.32,13759,1,0
20245,0.331,35766,2,0
16998,0.499,12954,0,1
5135,0.313,5000,0,1
13507,0.333,29022,0,0
19234,0.175,9385,1,0
12008,0.393,25070,1,1
17077,0.09,17248,1,0
27068,0.382,38290,0,1
16512,0.198,25451,0,1
11211,0.369,22543,1,1
16689,0.093,37653,0,1
10640,0.02,22227,2,0
10016,0.412,16045,0,0
8302,0.208,9388,2,0
21627,0.467,32565,0,1
6573,0.365,5000,2,0
21294,0.411,19472,1,0
12707,0.325,14853,1,0
5000,0.373,5357,1,0
11894,0.248,7134,1,0
5000,0.15,5000,0,1
13531,0.104,17367,2,0
15407,0.151,8583,1,0
7360,0.368,7367,2,1
10527,0.553,14708,1,0
26293,0.151,22110,1,0
7685,0.348,5000,1,1
5828,0.213,7620,1,0
20761,0.265,27857,2,0
26404,0.191,61332,2,1
9915,0.183,6628,2,0
16411,0.398,27759,0,1
19355,0.056,20737,2,0
6827,0.283,5000,0,1
7764,0.103,9516,0,0
18314,0.309,23784,1,0
22982,0.388,26740,1,0
13114,0.402,26333,2,0
6374,0.147,13784,2,0
26729,0.08,19040,0,0
7589,0.017,5711,1,0
8370,0.076,10751,1,0
11744,0.601,12595,1,0
21527,0.448,45661,1,0
15168,0.363,37820,1,0
12178,0.039,9503,2,0
12477,0.253,24970,1,1
10114,0.143,16944,1,0
13083,0.162,22938,2,0
5000,0.326,5000,1,0
8532,0.529,5154,1,0
11166,0.543,17205,1,1
5566,0.674,9397,2,1
12005,0.2,29083,2,0
8935,0.182,16244,2,0
23807,0.336,31704,2,0
21731,0.281,54054,2,0
7840,0.311,9281,2,0
9178,0.126,6804,2,0
9537,0.202,16193,1,1
7896,0.309,7573,1,0
10910,0.295,25494,2,0
6774,0.398,8796,2,1
5623,0.399,5000,2,0
13512,0.106,9423,1,0
13558,0.138,23920,1,0
6619,0.19,7734,1,1
15485,0.289,18022,0,0
7217,0.103,12167,1,0
11232,0.111,9718,0,0
14915,0.27,10521,2,0
9732,0.182,17325,2,0
12423,0.558,5106,0,0
7644,0.081,17624,0,1
8971,0.645,7035,2,1
8929,0.133,11969,1,0
6813,0.39,5751,1,0
9059,0.644,7775,1,1
5000,0.158,10767,0,1
7742,0.358,12608,0,0
8583,0.171,9047,2,1
8707,0.318,8074,2,0
8771,0.383,7429,0,1
9596,0.368,15011,0,1
12578,0.052,24334,1,0
15325,0.137,14289,1,0
7151,0.064,7851,1,0
5422,0.236,10372,0,1
5878,0.65,11452,0,1
7757,0.578,6480,1,1
8300,0.238,9982,2,0
6734,0.121,14997,1,0
5176,0.654,10117,0,1
7878,0.628,5840,0,1
10836,0.19,13118,2,1
13326,0.12,32569,1,0
7489,0.234,11259,1,0
8050,0.084,15381,2,0
6227,0.195,5000,1,1
9742,0.048,20930,1,0
6475,0.142,10814,2,0
13181,0.194,10133,1,1
5000,0.489,5992,1,1
8268,0.28,5000,1,0
11505,0.205,23375,2,0
10849,0.18,21312,2,0
38044,0.624,54384,2,0
11788,0.132,15905,1,0
5990,0.029,8226,2,0
9435,0.455,5000,1,1
5000,0.22,5866,1,0
9506,0.177,6367,0,1
6525,0.159,5142,1,1
15641,0.289,37859,1,0
7519,0.43,7141,2,0
9335,0.424,13215,1,1
7202,0.347,16309,1,1
23610,0.485,29945,2,1
8428,0.128,12727,1,0
24742,0.024,18667,2,0
14869,0.524,14849,2,0
12594,0.202,18424,0,0
11900,0.475,13879,1,0
12050,0.073,5788,2,0
5000,0.288,6208,2,0
8608,0.15,18179,2,0
15101,0.269,9721,2,0
9658,0.358,5000,1,0
5000,0.396,5000,0,1
9641,0.226,17763,0,1
23203,0.118,48002,0,0
18461,0.222,9273,0,0
9595,0.558,21721,2,0
15926,0.283,27351,1,0
8239,0.055,12261,0,1
5000,0.19,5000,2,0
6233,0.311,7359,1,1
21621,0.524,51646,0,0
8630,0.606,19972,0,1
8763,0.393,15015,1,1
8519,0.169,13764,2,0
25644,0.157,21596,1,0
22314,0.259,53596,1,1
30013,0.272,59615,0,0
9140,0.173,10993,1,0
11473,0.067,24246,0,1
5000,0.35,5000,0,0
20711,0.165,17559,1,0
5519,0.37,11376,1,0
11030,0.338,17367,0,0
5717,0.507,8961,0,1
7372,0.624,11831,2,0
6511,0.085,5000,0,0
7303,0.117,8282,2,0
7558,0.579,12119,2,0
7524,0.436,6921,1,1
15012,0.111,21895,0,0
5696,0.593,8941,0,0
11050,0.075,26300,1,1
18196,0.095,16670,1,0
7657,0.225,10127,1,1
6912,0.444,17012,2,1
8819,0.193,6987,1,0
17851,0.337,36382,2,0
10905,0.042,8419,1,0
7588,0.698,16581,0,1
12606,0.175,17960,1,0
5703,0.344,13925,2,0
13914,0.292,10535,0,1
12140,0.285,22394,2,0
8485,0.108,15783,0,0
6507,0.047,12426,2,0
6352,0.161,5000,1,0
12931,0.366,13008,0,0
18296,0.179,20306,2,0
7196,0.425,7779,0,0
12446,0.412,22622,1,1
5000,0.06,5000,2,1
7388,0.217,14283,2,1
9744,0.334,14673,1,0
6280,0.14,5000,2,1
6196,0.503,5421,0,1
7087,0.224,5000,0,1
11454,0.074,15623,0,0
9012,0.506,14864,1,0
5000,0.313,8100,0,1
5000,0.281,12104,0,1
7306,0.242,7464,2,0
12442,0.1,24888,0,0
5000,0.165,9592,1,1
7708,0.031,5000,1,0
7607,0.319,17900,0,1
19814,0.206,46677,1,1
8163,0.115,10060,1,0
11985,0.078,15307,1,0
10621,0.126,22529,2,0
5000,0.157,7197,1,1
14531,0.166,30202,2,0
11022,0.528,5245,1,1
12760,0.173,11811,1,1
40000,0.177,23649,0,1
5000,0.445,6769,1,0
23443,0.121,51428,1,0
8572,0.7,13685,2,1
11426,0.163,17055,2,1
9674,0.328,11307,1,0
8005,0.529,5000,1,0
7443,0.3,14957,2,0
11669,0.042,18655,1,1
5000,0.202,11775,0,0
14404,0.349,18828,2,0
8037,0.049,9992,2,0
5624,0.048,13759,1,1
7902,0.525,5503,2,0
18556,0.281,17256,1,0
7572,0.078,10792,0,0
11839,0.163,17753,1,0
6867,0.25,10660,2,0
14457,0.318,12222,1,0
13943,0.118,32716,0,1
24941,0.349,46824,0,1
9065,0.334,8546,2,0
13826,0.239,14072,2,1
10394,0.213,23374,1,0
18919,0.198,22679,1,1
6909,0.303,10835,2,0
14364,0.172,9378,1,1
8979,0.245,8338,0,0
9584,0.193,12218,2,0
10361,0.215,18422,1,1
11227,0.343,11097,1,0
9338,0.401,22380,0,1
11018,0.255,9503,1,1
21786,0.7,44351,2,0
16199,0.245,18882,2,0
15284,0.192,32863,1,0
7881,0.053,18430,2,0
6344,0.193,5029,1,0
15956,0.311,22851,2,0
15336,0.57,11106,0,1
20667,0.271,38901,0,0
7317,0.194,15715,2,1
8823,0.245,10746,1,0
5000,0.625,6165,0,1
8133,0.414,6735,0,1
16289,0.418,17001,1,1
7838,0.221,8466,0,0
13632,0.487,9907,1,0
8997,0.093,9455,2,0
11637,0.507,26828,2,1
5575,0.176,6040,0,0
10327,0.254,10083,1,1
5000,0.173,6038,0,1
9014,0.37,21783,0,0
5000,0.342,10028,0,1
18087,0.378,14898,2,0
14598,0.083,28911,1,0
12498,0.13,25109,1,1
21173,0.282,50716,1,1
6158,0.265,13987,2,0
23710,0.328,14224,2,0
15773,0.088,21367,2,0
8793,0.083,16498,0,0
17462,0.278,42679,1,0
5692,0.705,5000,1,1
6553,0.106,7689,1,0
7300,0.072,10466,2,0
7597,0.237,9631,0,1
5835,0.498,7919,2,0
18243,0.463,21437,0,0
8695,0.219,21202,2,0
11804,0.404,24634,2,0
7441,0.108,14488,2,1
5000,0.511,6312,1,0
11327,0.178,25501,1,0
5000,0.287,5000,2,1
9563,0.285,6705,1,1
5000,0.316,12017,0,0
26732,0.111,42522,2,0
15610,0.724,11471,1,0
10434,0.136,24972,1,1
18617,0.527,45560,2,0
6482,0.375,14592,0,1
12987,0.204,11701,1,0
10936,0.075,10771,1,0
11293,0.203,14169,2,0
18698,0.078,30226,1,0
14274,0.178,35452,1,1
11434,0.134,27532,1,1
5000,0.069,11671,0,0
6124,0.161,5000,1,0
9308,0.547,18523,1,1
10370,0.144,23243,0,1
5624,0.17,6186,2,0
33052,0.075,28461,1,1
21124,0.34,41652,1,0
13373,0.213,7900,0,0
10260,0.262,24375,0,1
8900,0.271,6477,2,0
6148,0.209,8367,2,0
10288,0.511,25348,2,1
11258,0.168,27867,1,0
5319,0.44,10796,2,1
11697,0.12,25292,2,1
9157,0.356,22263,1,1
5000,0.047,11738,1,0
6436,0.179,10984,2,0
8048,0.322,15635,1,0
25434,0.213,41888,1,1
13072,0.665,19133,1,0
5075,0.298,11419,1,0
12619,0.251,24606,1,1
5000,0.295,11028,1,1
17006,0.28,10227,1,0
7819,0.178,12595,0,1
9444,0.188,10313,2,0
19204,0.375,28386,1,1
5200,0.309,8773,2,0
5000,0.089,10880,0,0
7392,0.303,5000,0,1
16633,0.177,12381,1,1
5000,0.277,11675,1,0
5000,0.228,12156,0,1
7898,0.069,5000,1,1
13041,0.35,14303,1,0
18036,0.491,7582,0,1
7851,0.542,15628,2,1
8056,0.116,14760,2,0
17622,0.183,27951,1,0
5000,0.137,9262,2,0
8149,0.156,12463,1,1
10885,0.235,9814,1,1
12389,0.228,24582,2,0
7670,0.507,15684,1,0
10069,0.14,22089,2,0
5000,0.464,12017,0,1
7121,0.324,14028,2,1
12416,0.511,6388,1,0
6056,0.269,5000,0,1
10193,0.184,19915,0,1
12375,0.03,6406,2,1
8339,0.133,8868,1,1
10777,0.124,7392,2,0
6115,0.167,14890,1,0
8925,0.248,9500,1,0
13428,0.394,6926,2,0
10705,0.415,25630,1,0
7381,0.265,12388,1,1
11071,0.088,5268,0,1
14147,0.283,30418,1,0
5000,0.247,5000,1,1
17668,0.272,36840,1,0
8365,0.505,13935,1,1
12243,0.086,9451,1,1
18008,0.23,35665,0,1
5000,0.08,6772,1,0
6941,0.171,12078,0,1
8567,0.084,19070,2,0
6688,0.297,6331,0,1
23563,0.443,27535,2,0
6448,0.301,16084,1,1
7496,0.072,10998,2,0
10962,0.204,17241,1,1
5425,0.163,5422,0,1
8120,0.039,10342,2,0
11599,0.567,16857,1,0
8379,0.548,7899,1,1
9445,0.117,8502,2,0
7595,0.364,12616,1,0
5000,0.248,5000,0,1
11623,0.231,18159,1,0
23800,0.722,44817,1,0
9988,0.339,8154,2,0
11077,0.135,21781,2,0
13993,0.219,16167,1,0
5246,0.203,13033,2,1
23184,0.347,56943,1,1
10950,0.175,22745,2,0
22380,0.387,25059,0,1
6860,0.289,16245,1,0
24563,0.028,61346,0,1
14582,0.098,19989,1,0
13049,0.138,22062,0,1
11125,0.221,5000,2,1
8740,0.127,5000,1,0
18038,0.11,26178,1,1
10616,0.392,17831,2,0
5000,0.423,5280,1,1
5661,0.231,5000,1,1
9018,0.214,18423,0,0
11556,0.215,14785,2,0
9621,0.553,16957,0,0
18205,0.115,32140,2,0
5000,0.66,7741,2,1
10633,0.164,8239,1,1
5000,0.199,8468,2,0
14470,0.199,15575,1,0
9440,0.117,20015,1,0
12207,0.06,9835,1,0
6425,0.184,6499,1,0
18764,0.254,24856,2,0
16661,0.484,32557,2,0
13250,0.203,25355,1,0
9276,0.243,10277,1,0
13225,0.211,19476,0,0
6950,0.412,6199,1,1
15180,0.208,30631,1,1
22578,0.34,18358,0,0
16903,0.17,35847,1,1
6871,0.26,16268,1,1
11857,0.464,29434,1,1
5184,0.212,11403,1,0
13176,0.06,11405,2,0
12398,0.298,15803,1,0
5000,0.203,5000,1,0
5536,0.219,5000,1,0
8590,0.289,5000,1,0
8514,0.454,14869,1,1
5405,0.141,8215,0,0
12021,0.247,27959,1,1
11223,0.324,15401,1,0
8980,0.387,15706,2,0
6782,0.144,8433,1,0
16719,0.23,35811,1,0
22645,0.105,53111,2,0
7771,0.23,10154,0,0
7287,0.311,5000,2,0
12652,0.117,9406,1,0
8274,0.363,15831,2,0
9230,0.365,9997,0,1
14325,0.268,29358,1,1
5000,0.049,9872,0,0
19132,0.316,35549,1,1
10263,0.074,21654,0,1
8056,0.316,16022,2,0
9465,0.275,16360,1,1
9712,0.27,5000,1,0
5000,0.062,7414,1,0
20899,0.264,34484,2,0
10103,0.348,24424,2,0
12351,0.129,21812,2,0
15927,0.411,25618,0,0
5939,0.107,9126,1,0
12540,0.292,7736,1,0
8657,0.508,11237,1,1
15114,0.228,10310,1,0
5000,0.064,5000,2,0
9418,0.399,10284,0,0
7321,0.275,12852,1,1
12284,0.575,27275,1,1
12519,0.144,26312,1,1
6947,0.342,7078,1,1
6932,0.39,5000,2,0
9364,0.082,11664,1,0
6321,0.166,6707,2,0
15077,0.116,17786,1,0
8228,0.466,12953,2,1
5000,0.279,5000,2,0
8205,0.358,9672,2,0
5888,0.418,9263,1,1
5000,0.028,6525,1,0
5330,0.594,9602,1,1
10453,0.145,8267,2,0
19231,0.429,13905,0,0
11574,0.502,12113,0,1
7308,0.06,5000,1,1
12431,0.441,11140,0,0
7867,0.203,5000,1,1
6993,0.315,8700,1,1
5557,0.262,10525,0,1
5000,0.064,5008,2,0
8144,0.42,5000,0,1
10711,0.523,16814,0,0
9430,0.262,17475,1,1
8038,0.036,9821,0,0
6167,0.23,6314,2,1
13414,0.42,19187,1,0
5122,0.495,5000,2,1
14588,0.221,25563,1,0
5996,0.117,11632,2,0
6793,0.373,12770,1,1
5000,0.433,5451,0,1
7702,0.544,16712,0,1
16117,0.398,38494,1,0
12807,0.246,13113,1,0
16142,0.112,15362,0,1
12849,0.08,24139,0,1
5699,0.353,10757,1,1
8388,0.216,12346,1,1
6700,0.488,15671,2,0
19250,0.392,13615,0,1
5440,0.153,7629,1,1
15472,0.543,7333,1,0
15467,0.418,7897,0,1
24706,0.342,12667,1,0
8063,0.365,11553,1,1
14131,0.574,23130,1,1
30971,0.303,12615,1,0
7267,0.247,12560,1,0
5000,0.271,7141,1,1
5000,0.443,5000,0,1
14134,0.266,6101,1,0
5000,0.276,5000,1,1
8216,0.089,13644,1,1
12316,0.056,21966,0,1
10857,0.179,19096,0,1
12243,0.172,8835,0,1
11060,0.428,25589,0,1
18759,0.138,23692,1,0
6147,0.216,12374,0,1
7055,0.42,5288,2,0
6725,0.278,9336,1,0
14989,0.161,22412,1,1
15524,0.038,31325,0,0
12401,0.279,21147,1,1
17885,0.396,22151,1,1
5491,0.447,5454,1,0
22779,0.552,55654,1,1
21197,0.398,21144,2,0
14297,0.486,9606,2,0
24122,0.111,24867,1,0
5000,0.628,5432,2,1
7614,0.425,5090,2,0
6852,0.417,12931,0,0
14196,0.312,24137,1,0
5854,0.167,6234,1,0
14454,0.128,35923,1,0
19638,0.134,34869,2,0
14011,0.312,26294,1,1
11405,0.32,17908,0,1
6039,0.505,9411,1,0
6480,0.387,5000,2,0
18486,0.501,37322,2,1
14613,0.195,33793,0,0
9705,0.316,6374,1,0
8030,0.643,16630,0,0
5000,0.098,7610,2,0
5793,0.164,5789,2,0
25737,0.602,60067,1,1
5217,0.386,5000,1,0
10880,0.556,10614,2,0
16378,0.184,37033,0,1
5284,0.096,7451,2,0
10854,0.206,17994,0,1
15818,0.576,31234,1,1
9959,0.596,7078,1,0
40000,0.21,34074,2,0
5000,0.509,12485,0,1
16803,0.478,15100,1,0
9077,0.333,13910,1,0
14558,0.171,14956,1,0
12340,0.326,27001,1,1
6859,0.038,16598,1,0
11097,0.211,7731,0,1
5000,0.276,8306,2,0
13381,0.103,28158,1,1
11488,0.194,24451,0,1
13620,0.152,18046,1,0
16798,0.132,14670,0,1
11894,0.548,14427,1,1
10657,0.527,21074,1,0
6370,0.222,15843,1,1
6931,0.276,10841,1,1
17914,0.339,14506,2,0
20295,0.227,9905,1,0
8786,0.201,20926,1,1
10127,0.244,14323,0,1
6296,0.04,11993,2,0
17789,0.241,31779,1,0
13803,0.336,31346,1,1
26123,0.135,25047,2,0
6379,0.191,8469,0,0
8192,0.292,18995,0,1
11111,0.533,18108,1,0
13673,0.241,7518,1,0
8885,0.267,7183,1,0
6396,0.129,5745,1,1
15378,0.265,38244,2,0
14193,0.325,12358,2,0
6259,0.253,13935,2,0
19491,0.059,10993,1,0
17767,0.28,13886,1,0
10584,0.148,23617,2,0
10298,0.018,23561,0,1
13056,0.136,10053,2,0
6432,0.419,5678,1,0
10046,0.152,15212,2,0
5000,0.347,5000,2,1
15340,0.264,36587,1,1
5000,0.238,5801,0,1
20988,0.165,29960,2,1
8391,0.515,5207,1,1
8903,0.57,5000,1,0
7231,0.305,9996,2,0
8569,0.307,5617,2,0
20115,0.11,34673,1,0
5000,0.261,10342,0,1
18741,0.262,8742,0,1
11719,0.132,19755,1,1
5412,0.586,11435,1,1
5781,0.318,7647,1,0
22884,0.357,55273,1,1
6168,0.271,5000,1,0
5559,0.365,5994,1,0
17477,0.206,15435,2,0
11722,0.385,29212,1,0
6192,0.162,6302,2,0
11029,0.441,13396,2,0
5926,0.209,12918,1,0
17161,0.359,40379,1,1
16826,0.281,39865,2,1
12913,0.131,20301,2,0
11858,0.542,21262,2,0
23875,0.244,27056,1,0
9895,0.301,16575,1,1
5481,0.418,5677,2,0
12391,0.453,24369,2,0
28085,0.48,29353,1,1
5958,0.183,13387,1,1
8260,0.177,5793,0,1
12188,0.245,19510,1,0
9633,0.49,14387,1,1
6056,0.611,5776,1,0
17342,0.374,7956,0,1
31571,0.047,22476,0,0
10916,0.592,26557,2,1
6297,0.35,14968,0,1
5000,0.213,5000,2,0
11259,0.264,13367,0,0
17187,0.304,23663,2,1
12551,0.567,17621,2,0
9885,0.468,10157,2,0
7371,0.057,17081,2,0
5732,0.282,13229,1,0
15023,0.127,6606,2,0
15629,0.5,27585,1,0
5000,0.438,5000,2,0
21914,0.163,36263,1,0
13187,0.313,29282,0,0
19926,0.541,35150,2,0
5059,0.418,7005,2,0
5000,0.246,12057,0,0
9186,0.222,18078,2,0
12725,0.303,11752,0,1
24298,0.586,29463,0,1
14087,0.182,28114,2,0
8766,0.425,5000,1,1
5924,0.085,5000,0,1
18306,0.362,40361,2,0
6109,0.067,5000,1,0
22342,0.372,40771,1,0
8585,0.425,9183,1,0
21922,0.171,46791,1,1
13897,0.519,30288,2,0
9241,0.436,22199,1,1
7633,0.255,5000,2,0
8346,0.426,10749,0,1
12260,0.029,19682,1,1
10286,0.567,23902,1,0
7354,0.074,7058,1,0
9110,0.143,5014,1,0
10293,0.023,8478,2,0
5000,0.313,7203,0,0
12445,0.087,22777,0,1
6064,0.384,11221,0,1
5559,0.285,5000,2,0
5000,0.069,9994,0,1
5000,0.291,8932,2,0
5025,0.18,6311,2,0
6943,0.398,11103,0,1
26281,0.117,52885,1,0
7608,0.215,7231,0,1
10817,0.196,25680,1,0
12091,0.324,8334,1,0
10567,0.173,24248,2,0
9521,0.519,18621,0,1
5444,0.419,9729,2,0
20444,0.336,11737,2,0
24430,0.58,56921,1,0
5000,0.043,5100,1,1
5931,0.406,11659,1,1
8604,0.448,19430,0,1
6110,0.186,5578,2,0
12746,0.321,29579,1,1
6876,0.344,11587,1,0
29217,0.097,52123,1,1
17948,0.399,41649,1,0
11007,0.47,16578,1,1
16539,0.235,21920,1,1
17204,0.11,29760,1,1
7465,0.092,11671,1,0
6580,0.173,5000,2,0
10291,0.51,8017,1,0
15226,0.337,6524,2,0
10609,0.302,6653,1,0
5000,0.364,9663,0,0
6624,0.456,5000,0,1
9537,0.328,9912,1,0
9529,0.763,12803,2,1
26536,0.289,62875,1,1
5000,0.504,5433,2,1
12743,0.57,26055,0,0
20838,0.355,26223,2,0
30814,0.224,18698,0,1
8085,0.187,5000,1,0
12653,0.248,16552,1,0
13159,0.264,6863,2,0
10913,0.429,17465,1,1
9419,0.187,13533,1,0
12307,0.166,23081,0,1
5000,0.088,5000,1,0
13919,0.54,22899,0,1
10541,0.297,8080,1,0
8855,0.056,16972,0,1
27541,0.247,28781,1,1
7062,0.164,11937,1,0
8090,0.382,18233,1,0
26789,0.001,38183,1,0
6528,0.189,5247,0,1
7517,0.108,16995,2,0
9195,0.225,10602,2,0
15068,0.36,29135,1,1
10980,0.403,11773,2,0
5185,0.348,5321,2,0
7584,0.144,13260,1,0
7305,0.119,5319,0,0
9522,0.125,21145,1,1
12245,0.203,14866,0,0
12198,0.044,5373,2,1
5000,0.075,5207,1,0
16847,0.022,34511,2,0
11229,0.071,24756,1,0
19776,0.136,31495,2,1
12358,0.153,12576,1,0
17165,0.05,25894,1,0
12497,0.303,26949,1,1
19401,0.4,20637,2,0
12850,0.527,15541,2,0
9424,0.439,14450,1,1
30829,0.173,69766,1,1
15436,0.423,25046,0,1
13185,0.303,11022,2,0
5228,0.337,5000,1,0
5197,0.161,5000,1,0
11457,0.101,27445,2,0
10644,0.211,22640,1,1
7280,0.083,14621,1,1
10619,0.347,15317,1,0
21901,0.227,39692,2,0
14012,0.253,9351,0,0
5594,0.524,9531,2,0
9360,0.105,19681,0,1
6617,0.033,5000,1,0
8153,0.337,8331,1,0
8048,0.204,5083,2,0
7794,0.292,7377,2,0
5283,0.405,10685,0,0
9285,0.706,10188,2,1
7477,0.472,13821,1,1
5000,0.231,10119,2,1
27625,0.131,58425,1,1
17058,0.301,38109,1,0
8199,0.136,13570,0,1
9990,0.35,9884,2,0
5509,0.608,5000,0,1
23106,0.76,33684,0,1
25556,0.322,15780,1,1
10703,0.176,24752,2,1
16510,0.276,21946,2,0
10803,0.253,24127,0,0
5072,0.093,9584,1,0
8055,0.3,17722,2,0
10571,0.164,23853,0,0
7885,0.235,5000,2,0
8872,0.323,17061,1,1
9455,0.57,8280,1,1
9504,0.542,23548,1,1
10159,0.179,20670,1,0
5823,0.362,5000,1,0
6915,0.511,16234,1,0
5206,0.165,5278,1,0
16137,0.337,20575,1,0
5000,0.165,8428,2,1
17620,0.291,40953,2,1
19794,0.329,46466,2,1
8509,0.486,13472,2,1
5000,0.575,5325,1,1
8261,0.508,8148,2,1
9584,0.481,11168,2,1
5971,0.259,5000,1,0
7649,0.124,13819,2,0
21270,0.062,32084,1,1
13800,0.484,27936,0,1
6233,0.485,5000,1,1
5000,0.263,6199,2,0
8404,0.542,7595,1,0
8895,0.248,13555,1,1
12684,0.36,17545,1,1
7572,0.59,10178,0,1
12781,0.048,13585,1,0
26044,0.291,50172,0,1
14879,0.389,20999,2,0
9661,0.116,7968,1,0
9031,0.379,13994,1,0
8280,0.131,13687,1,0
17860,0.354,7945,2,0
7232,0.289,5988,1,0
10123,0.492,9202,1,1
10153,0.135,9351,2,0
7701,0.188,6943,0,1
5000,0.446,5000,0,0
11631,0.136,11070,1,1
9599,0.296,21662,1,1
12709,0.364,13615,1,0
7579,0.284,8598,1,0
18222,0.425,17474,1,1
6384,0.515,15526,2,0
23295,0.369,35514,1,0
5000,0.108,8410,1,0
12300,0.198,23918,0,1
12553,0.184,13818,1,0
6648,0.392,16186,1,0
12236,0.18,8809,1,0
18765,0.035,25547,2,0
5000,0.547,5000,2,1
12725,0.113,26212,2,0
5000,0.227,5000,1,0
6106,0.367,9546,1,1
22350,0.228,13859,0,1
7399,0.236,9993,2,0
5503,0.792,5440,1,0
8964,0.195,20590,0,1
27832,0.546,14236,1,1
5000,0.194,8824,0,0
5850,0.482,10882,2,0
20925,0.095,47434,1,1
25055,0.129,56205,1,0
9398,0.461,23042,1,0
5326,0.2,5000,1,0
28223,0.697,27578,2,1
21965,0.312,27112,1,1
13897,0.34,21248,1,0
6593,0.198,7720,1,0
9657,0.097,18876,0,1
9134,0.229,5000,2,0
11677,0.04,5103,1,0
20445,0.415,38921,1,1
15362,0.168,34636,1,1
5775,0.308,11727,0,1
19697,0.362,12722,1,1
11574,0.171,27355,1,0
13954,0.32,20875,0,1
20604,0.222,40360,0,1
5677,0.206,5000,1,1
9721,0.3,15092,1,1
7587,0.198,8294,1,1
5000,0.583,12234,1,1
11770,0.088,16429,0,0
34744,0.253,69027,1,1
5000,0.104,8333,2,0
9738,0.694,5823,0,1
13633,0.546,20997,1,0
10525,0.517,16150,1,1
9352,0.021,17798,1,0
5168,0.342,5561,1,0
11118,0.24,24543,0,1
6779,0.461,11575,0,1
5000,0.266,5000,2,0
17985,0.218,33890,1,1
15981,0.369,36831,1,0
10156,0.406,18632,1,0
11098,0.267,13295,1,1
16935,0.419,27780,1,1
11071,0.244,8413,1,0
15552,0.346,25858,2,0
8529,0.674,12385,1,0
19072,0.262,8676,2,0
11618,0.436,12501,1,0
10905,0.386,8742,1,1
5244,0.213,6400,1,1
11424,0.302,10371,1,0
6529,0.185,14050,2,0
7192,0.166,13415,1,0
6583,0.234,12865,1,1
5807,0.103,6723,0,0
28635,0.373,11661,1,0
19257,0.247,16565,1,0
25853,0.656,51347,1,0
5369,0.164,8945,0,1
10256,0.541,15702,1,0
5183,0.738,5127,1,1
6989,0.344,5000,2,0
6253,0.233,12809,2,0
18394,0.269,8850,1,0
8118,0.433,5000,1,0
16885,0.326,17212,0,0
13387,0.086,21461,0,1
31313,0.11,77773,0,1
5000,0.6,5000,2,0
18575,0.053,25888,0,1
17557,0.166,29209,2,0
6083,0.551,12948,1,1
16375,0.289,30265,2,1
11708,0.561,24544,2,0
8833,0.355,13224,2,0
6555,0.19,8596,1,0
6908,0.269,11739,2,0
27581,0.089,63212,1,0
9900,0.324,15412,0,1
14633,0.333,24463,1,0
6664,0.014,7395,2,0
6701,0.106,11069,2,0
17000,0.049,29211,1,1
5040,0.406,9990,1,0
8041,0.495,12879,1,0
10066,0.122,8203,1,0
10463,0.009,16972,2,0
9049,0.366,9280,1,1
12063,0.301,7037,1,0
13994,0.47,29856,0,1
14290,0.213,7698,2,1
6045,0.285,10438,2,0
8586,0.121,21258,1,0
17986,0.541,10504,1,1
15480,0.529,13348,2,0
5000,0.566,9988,1,0
11798,0.223,7120,1,0
5000,0.304,10743,1,0
10132,0.039,5000,0,1
25562,0.193,57998,1,1
6161,0.107,5000,1,0
6521,0.301,15234,2,0
14501,0.395,32129,1,1
5000,0.373,7665,0,0
7212,0.346,14668,1,0
13335,0.348,7431,1,0
7207,0.369,5000,0,1
8795,0.304,10339,1,0
14358,0.189,21949,1,1
12219,0.108,27166,1,1
11309,0.351,17412,1,0
8353,0.084,15010,1,0
11908,0.37,21766,1,1
9303,0.487,20866,1,1
12442,0.166,25273,1,1
7719,0.343,18926,0,1
9033,0.517,5000,0,0
6033,0.055,5046,0,1
9725,0.172,22892,0,1
6597,0.139,13615,0,1
5670,0.216,5451,0,0
11263,0.365,27549,2,0
11007,0.435,24511,1,1
14638,0.05,7843,0,0
7977,0.266,16783,0,1
12137,0.05,24849,0,1
13035,0.64,11267,1,1
12362,0.636,22318,1,0
6549,0.214,15964,0,1
10664,0.076,19402,1,0
11873,0.196,25040,2,0
9932,0.065,6046,1,0
5000,0.296,9638,0,0
10724,0.274,8900,1,0
29919,0.414,16482,1,0
8266,0.165,12890,2,1
6877,0.158,13591,1,0
11928,0.163,18467,2,0
11570,0.15,27263,0,0
17968,0.303,33437,2,0
5276,0.38,5000,0,1
14266,0.362,33705,1,0
13295,0.464,9587,2,0
9218,0.327,18365,2,0
11723,0.222,8346,2,0
16559,0.574,41349,1,0
15308,0.36,16802,1,1
5588,0.065,8055,1,0
14914,0.481,20587,1,1
9582,0.077,5883,1,0
10264,0.155,14754,0,1
10266,0.432,7329,0,1
9180,0.234,19134,0,0
17959,0.128,43325,1,1
9491,0.191,19902,1,0
5654,0.456,7380,2,0
8129,0.154,5000,0,1
10822,0.19,5161,1,0
18299,0.694,26342,1,1
13380,0.232,24444,1,1
6468,0.159,13720,1,1
34289,0.648,56886,1,0
11298,0.362,27730,0,1
18726,0.507,26908,2,0
9174,0.241,15229,1,0
12921,0.34,11412,2,0
15059,0.582,16765,1,0
18198,0.464,33386,2,0
16792,0.368,27933,2,0
15307,0.187,18005,0,0
8454,0.267,5369,1,0
7436,0.386,8324,1,0
11687,0.188,5758,2,0
15781,0.183,25559,1,1
8854,0.437,9547,1,1
16858,0.435,20190,1,0
20461,0.258,32895,1,1
6259,0.148,10144,0,0
6512,0.521,10651,2,1
9226,0.347,13215,0,0
11542,0.143,16448,0,1
7613,0.682,16175,0,1
19459,0.411,26890,1,1
12234,0.147,18666,1,0
10094,0.158,24986,0,0
5000,0.171,5000,0,1
5126,0.336,9870,2,0
11390,0.164,15874,1,0
5000,0.35,10720,2,0
16421,0.358,20501,0,1
9144,0.13,9476,2,0
40000,0.225,33454,1,0
31381,0.2,70032,2,0
9038,0.246,17250,1,0
9384,0.129,5269,2,0
16281,0.175,30907,1,1
23192,0.136,10982,1,0
5000,0.291,5000,1,0
5000,0.235,8224,2,0
7251,0.538,9959,0,1
13244,0.523,28675,0,0
12688,0.29,21272,1,1
16896,0.422,40999,2,0
5432,0.338,11929,0,0
5000,0.126,5572,1,0
15199,0.209,32704,1,1
6541,0.252,14566,1,0
5000,0.317,12182,0,1
10641,0.259,5000,2,0
14714,0.388,32915,0,1
9311,0.151,5091,1,0
7872,0.571,11879,0,1
9139,0.345,11613,2,0
8223,0.41,19174,2,1
5044,0.072,6309,2,0
6923,0.334,11435,2,0
12844,0.58,23799,2,1
11624,0.157,5114,1,0
10764,0.319,17664,2,0
6017,0.287,8952,0,1
9038,0.252,14890,1,0
5000,0.266,5000,0,1
10820,0.092,5590,1,0
20220,0.377,15626,1,0
5000,0.162,11129,2,0
7383,0.374,8480,1,0
11667,0.449,15301,1,0
18516,0.173,22578,2,0
7910,0.306,15030,1,1
7001,0.669,6615,0,1
5000,0.317,5000,1,1
10422,0.257,12446,1,0
27475,0.193,52984,1,0
11369,0.281,26393,0,1
9787,0.09,5000,0,1
11626,0.316,24439,1,1
9842,0.273,5304,2,0
6591,0.151,7213,0,1
14937,0.099,6674,2,0
11079,0.178,25641,1,1
9984,0.13,18813,2,0
6077,0.354,7141,1,0
18991,0.053,22650,2,0
13798,0.077,24060,0,1
7506,0.451,5000,2,0
16332,0.185,11507,2,0
7717,0.404,16817,2,0
6694,0.097,5521,2,0
6769,0.516,13037,2,1
5000,0.314,5000,2,0
12528,0.322,7330,2,0
5000,0.25,11450,1,0
5354,0.125,12281,2,0
5000,0.22,8355,1,1
9480,0.393,12990,2,0
9180,0.17,14328,2,0
8405,0.06,10566,2,0
5876,0.251,11694,2,0
5507,0.177,10930,0,0
12483,0.355,26463,2,0
7515,0.331,11259,0,1
11593,0.113,24146,1,1
6357,0.377,5000,2,0
10834,0.366,5019,2,0
18989,0.43,33438,2,0
13267,0.402,8245,1,1
8052,0.39,12533,0,1
11255,0.49,21546,1,1
8775,0.544,11011,1,1
9936,0.308,5000,1,0
8410,0.346,19031,1,0
9116,0.181,5000,2,0
11004,0.096,25309,1,0
6022,0.357,5000,2,0
5955,0.349,11576,1,0
5000,0.321,11710,1,0
5000,0.487,11523,0,0
5384,0.058,12256,2,0
10718,0.391,24164,1,1
6333,0.115,9322,2,0
12794,0.373,20102,1,0
10070,0.059,17133,2,0
5000,0.331,11407,0,0
13732,0.705,29663,2,0
14844,0.212,30346,2,0
6021,0.179,10952,2,1
12211,0.446,20741,1,0
6449,0.376,15073,2,0
10392,0.175,8361,1,0
5259,0.304,5000,1,1
5000,0.301,12315,2,0
8173,0.39,12763,1,1
9303,0.459,13165,0,0
8112,0.36,17735,1,1
5475,0.35,11960,1,0
8103,0.213,6246,2,0
11323,0.601,8656,2,0
9677,0.283,20032,2,0
10842,0.351,22225,1,1
7079,0.465,6179,1,0
17780,0.234,38533,1,0
5496,0.353,7740,1,0
12629,0.34,17516,0,0
17871,0.627,44141,0,1
12587,0.137,18759,0,1
8943,0.078,6151,1,1
7599,0.279,7510,1,0
16614,0.293,18288,1,0
5000,0.034,12063,1,0
6093,0.326,5815,1,0
8112,0.039,10578,2,0
18376,0.242,36279,0,1
11966,0.386,11674,0,1
6099,0.114,11427,1,0
8474,0.359,7083,0,1
7279,0.225,6619,1,0
6940,0.296,17151,0,0
16146,0.358,18968,0,0
5000,0.264,9661,0,0
22123,0.384,47877,1,1
14974,0.344,16897,1,1
17076,0.425,19638,1,0
7852,0.045,15888,1,1
9182,0.512,15377,1,0
5000,0.268,5798,1,0
7613,0.153,15029,1,0
12667,0.117,28043,2,0
18921,0.163,16907,0,1
5689,0.308,5000,0,1
8244,0.191,8043,2,0
9176,0.436,16667,1,1
5000,0.135,11610,2,0
13302,0.341,29429,1,1
6891,0.389,5971,0,1
8975,0.344,20196,1,1
7895,0.223,16600,1,0
6669,0.179,12954,1,0
9862,0.38,18198,1,0
8885,0.202,18614,2,1
8217,0.211,18158,1,0
6875,0.203,14577,1,1
11611,0.447,7615,2,0
22624,0.397,43361,0,1
10614,0.072,22998,1,1
16285,0.378,12865,2,0
5000,0.068,5000,2,1
10709,0.262,21960,1,1
5717,0.398,6416,1,0
5000,0.237,6196,1,0
6838,0.035,8151,1,0
17960,0.498,15211,0,1
15914,0.449,37741,1,0
11175,0.277,23383,1,0
5000,0.298,5000,1,0
8971,0.413,5587,1,1
11508,0.108,13608,2,1
10805,0.143,13745,0,0
5000,0.211,5000,0,0
6341,0.764,14350,2,0
9585,0.306,20969,2,1
12940,0.384,28280,2,0
5000,0.374,10460,0,1
9126,0.32,17701,0,1
10630,0.061,18418,1,1
15135,0.08,36576,2,0
13994,0.399,26514,0,1
13243,0.409,22825,2,0
6634,0.261,13643,0,1
5000,0.251,5000,1,1
8131,0.065,19767,1,1
16330,0.135,7189,0,1
19865,0.368,34995,2,0
14118,0.227,7933,1,0
12267,0.4,26888,0,1
11965,0.326,29101,0,1
7494,0.281,9428,1,0
9273,0.116,20403,0,1
22800,0.235,25194,0,1
6177,0.242,5000,0,0
22189,0.268,21767,0,0
8425,0.187,8710,2,0
19200,0.331,33110,1,1
5000,0.562,10359,2,0
13265,0.181,11023,2,0
6847,0.686,5000,2,1
5000,0.392,5000,0,1
11039,0.154,11290,1,0
16395,0.135,16191,1,0
6486,0.547,5590,1,0
5000,0.074,6893,1,0
9452,0.225,20773,0,0
9473,0.227,5785,1,0
13018,0.266,28775,0,1
15911,0.397,22971,2,0
9607,0.155,17168,0,0
25028,0.215,52865,1,0
11071,0.325,11504,2,0
8323,0.323,20007,0,1
5000,0.481,5000,2,0
8679,0.101,13088,1,1
8364,0.385,7821,2,0
15996,0.238,20103,0,1
12472,0.336,16745,2,0
5487,0.178,12734,0,1
10787,0.412,14318,1,0
13846,0.161,25832,1,0
21247,0.382,50967,1,1
15425,0.365,22189,1,0
14478,0.205,18206,2,0
10198,0.635,24918,2,1
12017,0.372,25695,1,1
18485,0.155,43876,1,1
5082,0.297,6273,1,0
8310,0.158,15476,1,1
6725,0.356,6215,0,1
11963,0.415,26536,2,0
18308,0.147,43197,2,0
7343,0.06,7067,1,0
5000,0.047,5000,2,0
8053,0.528,6616,2,0
15626,0.304,27017,2,0
12949,0.3,12581,1,0
12259,0.222,21345,1,0
8604,0.164,9769,1,0
5221,0.068,12141,1,0
12805,0.55,17293,1,0
6521,0.118,9423,2,0
29497,0.341,33359,2,0
13164,0.346,7284,0,1
7403,0.21,10635,0,1
7290,0.143,14771,0,1
9447,0.326,22687,2,0
8780,0.178,5000,1,0
17299,0.12,35887,1,0
10863,0.142,10438,1,1
6864,0.201,14608,2,0
25469,0.07,28480,1,0
10144,0.034,6495,1,0
14536,0.052,24497,0,0
7301,0.266,16627,1,0
11867,0.033,9272,0,1
11562,0.038,5154,2,0
5000,0.467,11280,2,1
27109,0.14,50571,0,0
18869,0.264,39593,0,0
8114,0.436,5000,1,0
5703,0.161,12947,0,1
11775,0.429,15075,2,0
10335,0.267,23616,2,0
11823,0.339,6341,1,0
10892,0.501,24595,0,1
12747,0.185,23125,1,1
20407,0.367,31916,2,0
13148,0.016,6965,2,1
5855,0.036,10807,0,1
19560,0.357,32379,1,0
22478,0.199,43275,1,1
40000,0.276,76204,1,1
5643,0.116,7516,1,0
11175,0.347,9273,1,1
5000,0.515,11649,1,0
13050,0.238,30586,0,1
7524,0.28,6358,1,1
25892,0.278,44648,2,1
6718,0.134,5550,0,1
5000,0.207,11042,2,0
7819,0.067,5000,1,0
5000,0.627,12397,1,1
14408,0.368,24246,2,1
5000,0.349,5000,1,1
10038,0.283,22607,2,0
5000,0.667,9186,1,0
8432,0.026,15721,1,0
22509,0.09,22004,1,1
11852,0.448,13124,1,0
6426,0.486,14912,2,0
9743,0.235,16890,1,0
9986,0.573,5000,2,0
12535,0.341,13632,2,0
5000,0.689,8284,2,1
13310,0.44,9461,1,1
5000,0.328,5000,1,0
7223,0.219,5000,2,0
7753,0.423,13368,0,1
13584,0.094,14579,1,0
10009,0.164,11858,0,0
5000,0.239,5000,0,1
6048,0.5,11792,1,0
10930,0.362,21972,2,0
9513,0.421,20376,0,1
7408,0.428,13102,2,1
7782,0.485,15750,1,1
14017,0.292,22599,1,1
7640,0.371,10943,2,0
9470,0.343,8955,2,0
29289,0.491,14998,0,1
5000,0.239,5064,0,1
5000,0.172,9178,2,0
14644,0.058,34360,0,1
7049,0.242,6612,0,1
8441,0.172,15250,1,1
6697,0.282,9404,2,0
8691,0.072,14930,1,1
22010,0.064,8879,1,0
14780,0.119,9719,1,0
15231,0.606,13034,2,0
5000,0.214,11381,0,1
5565,0.281,5000,0,1
5000,0.479,7981,0,1
6603,0.297,15518,0,0
15968,0.293,28253,0,0
12816,0.126,18163,2,0
8859,0.536,10725,2,0
9787,0.165,16744,2,0
7013,0.158,9880,0,1
10964,0.34,20627,1,0
14515,0.411,24636,1,0
5000,0.225,7957,2,1
11496,0.128,27699,2,0
15775,0.168,33995,2,0
8042,0.239,13499,1,0
14049,0.334,21512,1,0
40000,0.16,76811,2,0
9394,0.836,19616,0,1
12047,0.58,12288,0,1
6842,0.257,12321,1,1
10835,0.126,7409,2,0
12458,0.108,16244,0,1
10909,0.578,25864,1,1
5944,0.371,6450,1,1
10972,0.07,7943,1,0
20559,0.409,14533,1,0
12385,0.106,15195,2,0
16010,0.151,13974,1,0
8791,0.394,11397,2,1
14399,0.222,27498,0,1
11380,0.549,25777,1,1
6152,0.435,5000,1,1
11605,0.301,23370,0,1
6027,0.067,5000,0,1
7212,0.22,8631,1,0
10879,0.138,27120,2,1
11482,0.215,6249,0,0
5460,0.414,5000,1,1
16764,0.283,18451,1,0
13174,0.183,31582,1,1
6957,0.185,5000,0,1
5000,0.117,5000,2,1
9205,0.15,15342,0,1
7919,0.31,7054,0,1
10473,0.396,5372,1,1
8253,0.173,5000,0,1
5000,0.393,7871,0,1
8150,0.247,12877,1,0
8494,0.506,16000,2,1
13586,0.354,9193,1,1
6980,0.305,10119,1,1
22910,0.338,38076,2,0
5000,0.406,5000,0,0
19064,0.191,29538,1,0
8847,0.588,16697,1,1
15211,0.131,37735,1,0
10300,0.342,17020,1,1
17496,0.353,38641,1,1
8154,0.416,17537,1,0
5714,0.092,13568,2,1
20135,0.673,38628,0,1
9351,0.15,7925,2,0
11056,0.383,11343,0,1
18349,0.334,37577,1,1
5907,0.406,8824,0,1
13329,0.251,12366,2,0
7369,0.085,13109,2,0
9264,0.408,21342,1,1
10261,0.268,11812,2,0
5000,0.296,8260,2,0
6704,0.046,10869,2,0
19448,0.653,12965,2,0
15414,0.12,9087,0,0
9591,0.153,21752,1,1
11176,0.304,26381,2,0
8543,0.35,19639,0,1
19502,0.442,24045,2,0
8953,0.114,8989,0,1
11113,0.668,26434,1,0
17553,0.21,39563,0,1
6709,0.383,14235,1,0
21577,0.187,23773,2,0
5000,0.537,8706,0,1
22355,0.181,44171,1,0
8214,0.22,13224,1,0
8766,0.457,14588,2,0
5000,0.514,9945,0,0
7884,0.394,15849,0,1
5884,0.265,5319,0,1
7303,0.275,8913,0,1
9240,0.471,18854,1,0
15976,0.514,15162,2,1
10979,0.149,25503,1,1
11543,0.063,24952,1,0
5722,0.086,13050,2,0
6371,0.49,6526,0,1
24327,0.256,15101,0,1
6852,0.189,5000,1,0
22654,0.172,35508,0,0
8764,0.597,9130,1,1
9908,0.505,9446,0,1
16901,0.289,14654,2,0
18693,0.413,29543,1,0
9363,0.357,14523,1,0
8150,0.201,10488,0,1
9624,0.351,6647,0,0
11719,0.236,27545,1,1
15454,0.508,20070,2,1
9918,0.304,6542,1,1
13486,0.355,6444,2,0
22453,0.252,16176,0,1
11975,0.307,12262,0,1
11566,0.408,19930,0,1
5000,0.297,12194,1,1
5000,0.465,5000,2,0
12018,0.4,24740,1,0
9438,0.355,21840,1,0
7651,0.28,9351,2,0
11178,0.327,10417,1,0
9602,0.389,13743,1,0
17394,0.133,39712,0,0
10332,0.198,5000,1,1
6812,0.088,9687,2,0
16237,0.353,32328,2,1
8878,0.21,14760,2,1
12877,0.154,18601,0,0
7795,0.252,12181,0,1
7151,0.109,12160,2,0
10322,0.101,18914,2,0
9960,0.182,11434,1,0
12580,0.173,18700,0,1
8653,0.333,8432,0,0
5000,0.077,12331,2,0
7971,0.283,6323,0,1
14719,0.069,10544,0,1
8529,0.512,8227,1,0
8749,0.181,20405,0,0
16206,0.188,28906,0,1
6932,0.487,9410,0,1
5000,0.091,11716,2,0
9133,0.351,20918,0,0
7769,0.564,9659,2,0
6105,0.249,9668,1,0
9066,0.138,20863,2,0
12654,0.113,13549,2,1
9851,0.335,12371,1,0
11539,0.244,23831,2,1
24506,0.032,45757,1,1
8337,0.29,5000,1,0
11375,0.301,7353,1,1
7672,0.175,16704,2,0
6482,0.421,5000,1,1
7387,0.018,17226,0,0
7790,0.346,7561,1,0
11845,0.427,19623,2,1
32033,0.485,50792,0,1
6918,0.348,8524,1,1
8036,0.213,5000,1,1
9589,0.279,7711,0,0
12063,0.129,20403,1,0
11291,0.179,15100,2,0
18808,0.191,23868,2,0
5000,0.336,5000,1,0
5000,0.046,5644,1,0
7723,0.304,11628,1,1
17131,0.174,9647,0,0
5000,0.53,5000,1,1
5000,0.34,7161,2,0
13168,0.066,20788,0,1
11179,0.328,10520,2,0
5738,0.443,6220,2,0
6046,0.306,12536,0,1
6094,0.197,13562,2,0
10459,0.327,11327,1,0
7236,0.415,8299,1,0
12670,0.724,27161,1,1
5000,0.496,12225,1,0
6448,0.394,6920,2,0
5636,0.293,11589,0,1
8706,0.094,12253,1,0
7562,0.332,7213,1,0
14748,0.2,27016,0,1
5000,0.477,6856,2,1
10124,0.146,9751,2,0
13084,0.313,8180,1,0
25042,0.53,55609,0,0
7778,0.301,17464,2,0
11640,0.462,6488,2,0
5000,0.396,8965,0,1
5000,0.692,5000,1,1
15099,0.232,26533,0,1
9869,0.085,22759,0,1
17841,0.102,16885,0,0
5000,0.08,5653,1,1
12835,0.203,26566,2,0
25195,0.32,48986,0,1
12208,0.34,15359,1,1
11364,0.316,24797,2,0
9939,0.254,23191,1,1
5000,0.722,6752,2,0
19492,0.308,9411,2,0
7292,0.417,10718,2,0
12736,0.203,24878,1,0
5000,0.347,5000,0,0
5487,0.149,5000,1,1
20283,0.053,20261,1,0
8319,0.246,5000,1,0
20468,0.184,38940,1,0
9517,0.234,6726,2,1
5000,0.22,9598,2,0
15460,0.112,13799,0,1
7369,0.139,18299,1,0
14035,0.128,21288,2,0
10022,0.231,5000,1,0
5000,0.01,10113,2,0
10744,0.162,13550,1,0
29676,0.308,49719,1,0
12663,0.388,30361,1,1
9616,0.203,14292,0,0
16944,0.258,35399,2,0
10996,0.328,11390,1,1
10990,0.422,20886,1,0
5734,0.056,5000,2,0
11124,0.189,25320,1,0
16609,0.311,13610,1,1
6515,0.227,6737,2,0
20175,0.107,48669,2,0
9453,0.249,6862,2,0
6349,0.387,5931,1,1
16298,0.743,26376,1,1
8574,0.473,21089,1,0
14468,0.322,26796,0,1
8553,0.256,5472,0,1
9605,0.454,18932,1,0
12667,0.253,16404,0,1
11446,0.405,28432,2,0
5000,0.146,8601,2,0
5649,0.125,8571,0,1
15751,0.245,24734,1,1
9264,0.084,16187,2,1
7616,0.199,14752,2,0
5017,0.276,5000,2,0
5768,0.295,5000,1,1
5000,0.272,5155,0,0
9408,0.023,13206,2,0
7337,0.252,7728,2,0
6104,0.588,5182,2,0
9565,0.358,22408,0,1
11872,0.093,5561,1,0
28186,0.659,66837,2,1
5000,0.22,11526,1,0
17671,0.385,32443,2,1
16099,0.278,7539,1,0
6703,0.26,5854,1,1
10955,0.118,26908,1,1
7872,0.096,18127,2,0
10860,0.137,26342,0,0
21048,0.143,52448,2,0
13397,0.201,7156,2,0
12762,0.214,20405,1,1
7981,0.535,17173,1,1
5000,0.516,5356,1,1
8917,0.312,11723,2,0
18093,0.597,18018,0,1
5000,0.604,5000,1,0
5839,0.213,5000,0,0
10542,0.14,5000,0,1
6049,0.39,9117,1,0
6659,0.215,11311,0,1
8008,0.474,8377,0,0
5000,0.306,10674,0,1
6081,0.367,13772,0,1
14068,0.523,9756,2,0
5147,0.291,5000,1,0
5000,0.189,5353,2,0
7222,0.293,13703,1,0
14270,0.104,20915,0,0
8969,0.305,12780,2,0
7845,0.342,5649,0,1
10119,0.194,11516,1,0
5000,0.374,12068,1,0
12674,0.176,14134,1,0
11988,0.436,19685,1,1
8065,0.477,5000,0,1
16366,0.653,8740,1,1
5632,0.283,7270,1,1
17395,0.218,29026,2,0
10691,0.609,12636,1,0
8364,0.272,6490,1,1
9799,0.248,19064,1,1
9380,0.19,6510,1,0
18217,0.621,32843,1,0
5777,0.457,13917,1,1
6759,0.45,9383,1,0
16616,0.696,13640,2,1
7348,0.266,15932,1,0
15525,0.602,22691,2,0
23149,0.489,54140,1,0
8095,0.238,15489,1,1
13914,0.325,18148,2,0
5558,0.654,9430,2,0
14434,0.185,10925,1,0
10934,0.466,13266,0,0
12537,0.105,20651,2,0
7166,0.617,11747,0,1
5000,0.192,8165,2,0
12728,0.248,24966,2,0
5000,0.244,5000,2,1
8444,0.13,5000,1,0
15844,0.326,11263,2,0
10893,0.357,22485,1,1
26217,0.087,14057,1,0
16523,0.301,14425,1,0
7137,0.215,6673,1,0
10033,0.303,17650,1,0
9665,0.578,12018,2,0
5000,0.378,5000,1,0
6184,0.16,8312,2,0
7477,0.194,13754,1,0
5000,0.537,10253,2,0
10134,0.248,6690,1,0
8738,0.1,16610,0,0
5000,0.067,5000,2,0
12113,0.417,23271,2,0
14156,0.509,25313,1,1
11086,0.073,15346,1,0
8416,0.35,5785,1,1
13302,0.329,26679,1,1
13906,0.305,7658,2,0
11541,0.483,26322,2,1
6553,0.066,13265,1,0
11365,0.155,22230,1,0
17993,0.107,35702,0,0
7344,0.319,5000,1,0
28253,0.208,70037,2,0
7609,0.369,16764,2,1
10058,0.003,14752,1,1
7071,0.09,13510,0,1
11066,0.517,21605,2,0
5000,0.319,10712,1,0
7532,0.15,7052,1,0
5732,0.18,6772,1,1
10590,0.626,22020,1,0
16272,0.267,32786,2,1
13670,0.236,20471,0,0
5000,0.49,6160,1,1
27475,0.13,66866,0,1
11471,0.268,14586,1,0
6712,0.267,13454,2,0
10706,0.343,13559,2,0
10808,0.653,11356,1,1
7090,0.042,12381,2,0
10926,0.307,22902,2,0
7304,0.162,17975,2,0
8085,0.252,5762,1,0
7022,0.503,15729,1,1
5000,0.353,7503,2,0
10645,0.133,6667,1,0
13261,0.262,27428,1,0
12803,0.082,14035,0,1
14912,0.07,33155,1,0
11639,0.086,8513,1,0
7582,0.42,14356,0,1
15060,0.268,15537,1,0
5020,0.505,5000,1,1
6308,0.216,5000,1,0
6111,0.499,8629,2,0
16984,0.113,20757,0,1
15857,0.422,8397,1,0
12627,0.483,11061,2,0
16915,0.272,24074,0,1
6376,0.092,13373,0,1
11781,0.13,27708,1,0
9296,0.156,13779,1,0
15114,0.372,18847,0,1
9343,0.656,22469,2,0
8164,0.061,19774,1,0
12970,0.301,10374,0,1
15337,0.131,23253,2,0
7085,0.317,15049,1,1
9599,0.26,20415,2,0
5830,0.369,10718,1,1
5000,0.334,6950,2,0
10940,0.333,13650,1,0
13419,0.451,28092,1,0
11282,0.347,9861,2,0
5000,0.277,6498,0,1
8304,0.487,13207,2,0
5000,0.424,10733,2,0
19630,0.29,23264,2,0
5750,0.356,8925,2,0
18540,0.216,18285,1,0
15881,0.589,34265,1,1
6308,0.226,12930,2,1
5617,0.163,11921,0,1
11792,0.186,6140,1,0
6488,0.47,9230,0,1
10417,0.372,7138,2,0
7774,0.093,14109,2,0
5000,0.352,5269,2,0
5000,0.187,10133,2,0
11084,0.666,5950,1,0
7474,0.062,11045,1,0
7505,0.151,5000,1,0
14015,0.541,22026,2,0
17795,0.392,29815,2,1
8636,0.321,11836,2,0
8347,0.228,8240,2,1
12709,0.331,5946,2,0
5021,0.089,8991,2,0
11065,0.516,24652,0,1
13042,0.226,25310,0,1
13906,0.012,31642,2,1
5000,0.316,11759,2,0
6763,0.141,9090,2,0
6379,0.372,11903,2,0
10403,0.42,12843,0,1
12586,0.337,29339,2,0
20917,0.267,33097,2,0
7727,0.265,15301,1,1
7717,0.581,5000,1,1
17585,0.276,28289,1,1
11479,0.254,22478,1,0
18654,0.093,17529,2,1
11434,0.174,5000,2,0
5549,0.312,10885,1,1
5081,0.391,5640,0,1
5000,0.187,6502,0,0
13780,0.569,21777,2,1
17931,0.647,11324,2,1
24951,0.095,15406,1,0
15086,0.303,36476,0,1
17701,0.239,19678,2,0
7405,0.186,6936,0,0
5551,0.399,5000,0,1
15139,0.467,11585,0,0
12195,0.215,15913,2,0
10443,0.137,11679,1,0
12012,0.22,15515,0,1
11632,0.316,21849,2,0
18805,0.366,32867,1,0
18910,0.335,27148,2,0
12992,0.388,27428,0,1
15106,0.373,33240,2,1
12797,0.213,20997,0,0
7859,0.42,5083,1,0
14447,0.519,18102,1,0
5000,0.11,8661,2,0
16763,0.403,8917,2,0
5446,0.163,5000,2,0
11417,0.146,27304,1,1
6486,0.352,12538,2,1
13051,0.112,9417,2,0
9730,0.542,12988,1,0
5000,0.291,5000,1,0
12214,0.458,5149,2,0
7413,0.447,9063,1,0
15376,0.187,27086,1,0
9903,0.271,23805,1,0
12060,0.297,24322,2,0
6131,0.115,5416,0,1
7371,0.247,8152,1,0
7868,0.199,11750,0,1
15189,0.392,12176,2,0
22895,0.203,49206,0,1
6617,0.282,5000,0,1
16956,0.196,17108,2,0
5000,0.303,8064,1,1
5447,0.315,5000,2,1
6127,0.397,10489,1,1
5032,0.396,11992,1,0
5000,0.511,9261,2,0
12167,0.483,25634,2,0
8892,0.715,11745,1,0
11964,0.176,13964,2,0
13977,0.354,15236,2,0
11302,0.299,20197,1,0
13751,0.333,20474,2,0
9558,0.398,13304,0,1
5467,0.166,5000,2,0
16796,0.227,30469,1,0
7371,0.057,14178,0,1
6199,0.39,5033,2,0
9054,0.125,18067,2,0
6270,0.182,14087,0,1
8032,0.123,6158,1,0
11754,0.391,15860,2,0
11780,0.421,26387,1,0
6317,0.116,8991,0,0
7755,0.011,16379,1,0
16935,0.412,14447,1,0
12685,0.585,6777,2,0
27932,0.433,14661,0,1
17855,0.505,43602,2,0
17538,0.216,13082,1,0
5000,0.421,11081,2,0
14500,0.526,15414,1,0
9637,0.093,5000,1,1
7513,0.715,6807,1,0
10764,0.288,15732,0,1
15876,0.208,9910,1,1
12713,0.486,29705,1,1
6378,0.124,14606,1,1
14346,0.264,10231,2,0
7195,0.21,14016,1,0
11029,0.119,15082,1,0
8504,0.53,20941,2,0
8871,0.195,5000,2,0
14517,0.409,20167,1,0
5883,0.335,5880,0,1
26175,0.626,50399,1,1
5000,0.435,5000,0,1
7340,0.126,12618,2,0
11909,0.215,28475,1,0
13255,0.118,17936,2,0
9412,0.682,12743,2,0
9617,0.399,13858,0,1
12152,0.364,15469,1,0
8817,0.098,11812,2,0
19862,0.218,27267,0,0
15058,0.099,37584,0,0
15312,0.415,9869,1,0
6105,0.2,6100,1,0
9511,0.29,8015,0,1
8516,0.386,13139,1,0
5986,0.319,5000,1,0
11849,0.333,27661,0,1
7564,0.146,11462,1,0
13734,0.383,31339,0,1
5795,0.077,6517,0,0
23377,0.234,16711,1,0
6322,0.058,5081,2,1
11044,0.418,15335,2,1
14704,0.287,7125,2,0
7440,0.402,15191,2,0
15157,0.32,31229,2,0
5352,0.192,10032,2,0
20456,0.121,46688,2,0
9967,0.594,15488,2,0
7345,0.588,10331,1,0
8522,0.645,12879,0,1
14830,0.06,11599,0,1
7389,0.327,10905,2,0
6804,0.436,10463,0,0
8859,0.117,17768,2,0
5494,0.315,6212,1,0
24594,0.27,14601,0,1
7456,0.189,12337,1,0
15000,0.053,30820,2,0
10989,0.437,26772,1,0
6049,0.266,5000,0,1
9867,0.638,19413,2,0
14647,0.373,24186,2,0
9008,0.444,5000,1,1
17971,0.214,34295,1,0
16494,0.381,7505,2,0
15669,0.449,32106,2,0
7864,0.092,15059,0,0
5767,0.139,10639,1,0
7282,0.32,5000,2,0
10917,0.482,25437,2,1
13002,0.597,29745,1,0
5000,0.14,11452,1,1
9857,0.127,11402,0,0
10711,0.382,15355,1,0
8614,0.53,5524,0,1
18875,0.133,9575,0,0
12220,0.351,6396,1,1
19055,0.006,30381,1,0
8884,0.443,9549,1,0
15815,0.565,25574,1,1
22416,0.076,36865,2,1
19069,0.41,43952,2,0
5732,0.357,12914,2,0
8718,0.329,16643,1,0
8328,0.26,17646,2,0
12640,0.17,5139,2,0
13949,0.056,6034,2,0
6506,0.401,8868,1,0
10238,0.333,18150,1,1
5000,0.295,10337,2,0
20352,0.42,27257,1,1
7660,0.08,18188,2,0
10177,0.632,21489,2,1
8477,0.574,5220,2,0
17553,0.087,23247,1,0
5000,0.272,12446,0,1
9815,0.716,12375,0,1
9387,0.446,11369,1,1
7888,0.48,8027,2,1
23461,0.302,33353,0,1
6350,0.278,12274,0,0
14558,0.287,7274,1,0
11826,0.193,25486,1,1
18597,0.298,43273,1,0
7089,0.438,14465,0,1
6860,0.135,15935,0,1
17120,0.344,10260,2,0
12242,0.261,16468,1,1
5000,0.461,5000,0,1
7557,0.1,16305,0,0
12006,0.468,28819,2,0
15046,0.396,15426,1,0
7047,0.231,10742,1,1
5000,0.415,5125,0,0
12856,0.107,15371,1,1
5376,0.233,7531,1,1
5000,0.687,10303,0,1
5000,0.255,5000,2,0
14868,0.236,10851,2,0
10554,0.361,8695,2,0
8841,0.222,5000,1,0
19821,0.332,34712,1,0
13611,0.312,10871,1,0
22206,0.312,29286,0,0
5000,0.141,9198,0,1
9727,0.381,13062,1,0
5000,0.174,11513,1,1
8824,0.271,17783,0,1
8740,0.17,8507,1,0
13538,0.3,9123,1,0
10125,0.323,23068,2,0
13517,0.274,16673,2,0
14068,0.201,16928,0,1
29070,0.167,61076,2,0
8453,0.018,5000,2,0
6182,0.358,8329,2,0
11192,0.167,21267,2,0
6626,0.452,14461,1,0
20764,0.381,46904,2,0
8590,0.21,11836,0,1
7459,0.13,16262,2,0
7819,0.198,5000,1,0
14174,0.591,14761,1,1
9146,0.408,5000,1,1
7180,0.225,5368,1,0
22758,0.129,43739,2,0
6450,0.298,5000,2,0
10074,0.229,15096,1,0
13713,0.439,17407,1,0
5000,0.091,5000,2,0
12583,0.302,23151,0,1
5839,0.587,10836,2,0
14933,0.245,28752,0,1
6116,0.082,12275,2,0
13994,0.239,14854,2,0
17204,0.221,42798,0,1
15225,0.179,8422,2,0
11222,0.271,19753,1,1
8816,0.307,21499,2,0
7418,0.451,6462,0,1
20650,0.346,20321,2,0
6976,0.395,11228,1,0
5892,0.364,12024,1,1
13803,0.099,15056,1,1
6647,0.286,14339,2,1
6154,0.358,5577,1,0
5000,0.409,11180,2,1
7774,0.592,7239,1,0
9496,0.216,16111,2,0
11176,0.209,12867,0,1
15925,0.309,17132,2,0
12880,0.197,14727,2,0
8996,0.133,13029,0,1
8963,0.148,19491,2,0
12772,0.209,25476,1,1
18700,0.062,25125,1,0
10542,0.6,10463,0,1
7827,0.234,17174,0,1
6024,0.232,13418,2,0
5000,0.318,6763,1,0
13809,0.051,25703,0,1
13213,0.549,15531,1,0
13209,0.337,9419,2,0
9280,0.276,9977,1,0
19999,0.361,36646,0,1
7769,0.274,15661,1,1
15956,0.29,34920,2,0
9707,0.278,5000,2,0
7301,0.075,10378,1,1
13309,0.232,12980,0,1
12146,0.332,22305,2,0
11831,0.437,10827,2,0
10307,0.447,16380,2,1
9711,0.15,18404,1,0
32669,0.254,65898,1,0
17892,0.028,17281,0,0
14205,0.37,8302,2,0
10466,0.455,8993,2,1
16376,0.018,27154,0,1
12823,0.227,6218,0,0
10027,0.009,7356,2,0
8503,0.477,21177,0,1
9504,0.057,11433,1,0
5000,0.73,7213,1,0
10996,0.182,5000,2,0
7752,0.381,12737,0,1
21945,0.081,23770,1,0
9993,0.239,15123,1,0
5461,0.192,8219,2,0
9653,0.382,23473,1,1
5866,0.189,5651,2,0
12540,0.253,20038,1,0
11446,0.137,13750,2,1
15977,0.274,20549,1,0
6664,0.126,5000,2,0
10066,0.129,18580,0,1
5001,0.681,5000,1,1
14055,0.221,19449,0,1
12828,0.317,16830,0,0
12681,0.088,17539,1,1
9905,0.149,11773,1,1
12178,0.375,11069,1,0
22074,0.134,29630,1,0
8582,0.155,5000,0,1
10607,0.284,9640,1,1
5749,0.2,11776,2,0
6411,0.213,13912,2,0
10393,0.729,19769,1,1
17188,0.191,29707,2,0
8706,0.331,18316,2,0
8795,0.545,5879,0,1
8075,0.27,12137,1,1
7575,0.091,5000,2,0
11469,0.297,23324,1,1
5000,0.065,7465,1,1
18778,0.009,39454,1,0
7096,0.312,14745,1,1
14199,0.144,19581,2,0
5244,0.541,7570,1,1
13827,0.674,6351,0,0
13849,0.654,20764,1,1
11993,0.357,21859,1,0
6019,0.482,5361,1,0
11212,0.086,27713,0,1
5477,0.089,13405,0,0
8722,0.288,8669,0,1
16559,0.187,31417,1,1
14740,0.313,6824,1,0
9972,0.298,17931,1,0
6079,0.558,10397,2,0
13667,0.295,29064,2,0
9993,0.064,10384,2,0
5000,0.413,11219,2,0
14637,0.125,32227,1,1
9777,0.42,17660,1,0
18055,0.353,25132,1,1
5723,0.438,9722,0,1
5000,0.387,9664,1,0
11379,0.557,27856,0,0
11450,0.067,7507,0,1
5000,0.151,5287,2,0
6067,0.465,12375,1,0
39246,0.129,49421,1,0
8494,0.112,15394,2,0
14263,0.349,9692,0,0
7148,0.316,13505,0,1
5000,0.463,9077,0,0
9089,0.122,14817,1,0
8666,0.446,17393,0,1
8103,0.426,18218,2,0
9345,0.209,20014,1,0
11295,0.124,7544,1,0
9181,0.566,18025,0,0
5260,0.164,7072,1,0
12620,0.283,13897,2,0
5000,0.105,11236,1,0
5000,0.26,7875,1,1
14322,0.279,20804,1,0
12752,0.177,26113,2,0
9617,0.324,15021,1,0
5000,0.22,11009,1,0
6946,0.313,5000,1,0
8678,0.58,17616,1,1
5000,0.095,5000,2,0
6839,0.266,5970,1,0
13713,0.171,10653,2,0
20204,0.371,18197,1,0
8024,0.198,15542,2,1
14447,0.112,25660,2,0
5000,0.109,5000,1,0
13762,0.168,13313,2,0
6621,0.195,5000,0,1
11541,0.224,14660,1,0
8744,0.114,10449,0,0
19152,0.295,13525,0,1
6391,0.535,13759,2,0
13545,0.415,29670,0,0
8606,0.454,5413,1,0
9143,0.785,8772,1,1
9027,0.476,17566,1,0
6484,0.455,14440,2,1
9827,0.567,5410,1,0
9591,0.045,22013,2,0
11165,0.096,5911,1,0
10324,0.167,17870,2,1
14749,0.044,6583,0,0
15705,0.236,36897,1,1
5852,0.157,6688,2,0
15281,0.302,26933,0,1
5468,0.353,5000,2,0
13278,0.112,14269,1,0
13492,0.395,26570,0,0
5000,0.467,12216,1,1
10368,0.299,25747,2,1
7830,0.539,16446,0,1
6772,0.149,14757,1,1
19446,0.25,47366,2,0
7137,0.23,5000,2,0
6613,0.529,5008,1,1
10278,0.13,5248,1,0
13943,0.372,20252,2,0
9220,0.585,22247,0,1
17733,0.786,28782,2,0
12906,0.208,20216,1,1
5000,0.344,10680,1,1
7595,0.388,17854,0,1
7473,0.757,13952,0,1
12577,0.361,28680,2,0
5000,0.341,5000,1,0
35401,0.324,51585,0,1
12906,0.051,15045,2,0
10661,0.432,11709,2,0
17868,0.325,15186,1,0
31946,0.09,72755,1,0
15296,0.566,20585,0,1
15905,0.045,24073,1,1
10565,0.189,10356,2,0
9220,0.426,22333,1,1
7801,0.151,13134,2,0
6548,0.199,5000,2,0
7019,0.402,6757,1,1
5037,0.252,12587,1,1
9528,0.453,23317,1,1
5000,0.312,7718,0,1
10888,0.203,17254,2,0
9718,0.047,22288,2,0
10651,0.046,20110,1,0
7623,0.19,17972,0,1
40000,0.086,56247,2,1
19536,0.332,47853,1,0
5312,0.19,8143,1,1
11119,0.223,19504,1,0
7302,0.45,5000,2,0
5959,0.3,10038,0,0
5064,0.021,10190,0,1
12284,0.418,16246,2,1
7039,0.268,10243,0,1
16057,0.257,19685,2,1
16266,0.313,39609,0,1
19672,0.116,27558,2,0
6462,0.237,5000,2,0
12552,0.153,5782,1,0
13578,0.079,27457,1,1
7808,0.094,12103,0,1
6728,0.15,5000,0,0
22131,0.079,26630,2,0
11089,0.338,25721,2,1
13602,0.228,32513,0,0
6561,0.138,5000,2,1
5379,0.054,5000,1,0
7444,0.116,5000,1,1
9302,0.208,20689,0,1
5813,0.254,5000,1,0
9848,0.172,6170,1,0
5000,0.066,5000,1,0
5653,0.218,13150,1,0
13841,0.275,25542,1,0
13385,0.45,22693,0,1
8136,0.337,16660,0,1
5949,0.264,11042,0,1
5921,0.323,11643,2,0
8212,0.391,5000,2,0
13660,0.331,22382,2,0
15742,0.477,31197,0,1
7721,0.103,12260,2,1
5559,0.1,5000,0,0
11315,0.551,9542,1,1
6556,0.303,15880,2,0
7637,0.39,14358,0,0
19199,0.187,35439,1,0
14966,0.133,26737,1,1
10710,0.458,7158,1,0
5239,0.089,5000,1,1
11000,0.568,14579,1,1
16836,0.169,22444,1,1
8202,0.119,17264,1,1
19449,0.399,15195,2,0
18889,0.605,18469,2,0
22739,0.141,12832,2,0
11529,0.093,14292,1,1
13275,0.22,12447,2,1
20072,0.327,19110,1,0
12378,0.244,11555,0,0
7703,0.462,6826,0,0
7908,0.272,8474,2,0
11150,0.495,17028,2,1
5191,0.054,6848,2,0
9212,0.263,5000,2,0
17124,0.116,22164,1,1
5000,0.377,10885,0,1
21316,0.223,13034,1,0
17347,0.347,41341,1,0
7864,0.075,8242,0,0
12986,0.252,5591,2,0
9912,0.269,9234,0,1
18306,0.181,10000,1,0
16176,0.204,25711,1,0
5000,0.343,5321,1,1
13274,0.499,27803,1,0
8930,0.485,17311,0,0
10315,0.467,14277,0,1
6876,0.084,10846,0,1
23719,0.37,39811,0,1
16647,0.388,16123,2,0
6837,0.13,5000,1,1
5078,0.287,6046,0,1
8161,0.045,5000,2,0
12298,0.606,13051,1,0
11160,0.235,17414,0,0
18519,0.342,28412,2,0
14690,0.299,9597,1,0
16071,0.259,6709,1,0
11654,0.176,6838,1,0
5000,0.288,5000,0,1
8974,0.073,11137,2,0
16815,0.258,20489,1,1
9645,0.347,8752,1,0
12727,0.738,10849,2,0
8439,0.144,10400,1,0
5914,0.24,5000,1,1
9305,0.493,7909,2,1
11550,0.234,14461,2,0
7130,0.197,5000,2,0
8796,0.316,19051,1,1
6187,0.126,11258,1,1
17320,0.513,20862,1,1
8542,0.579,6114,1,1
20463,0.476,16529,0,1
21255,0.197,13862,2,0
9504,0.367,6996,0,1
5977,0.201,7694,0,0
5000,0.289,5000,1,0
5000,0.243,11288,1,0
5000,0.125,12089,1,0
19716,0.147,36513,1,0
10487,0.13,22006,1,1
12025,0.165,11253,1,0
5000,0.145,8982,1,0
5437,0.55,5000,1,1
15421,0.272,37266,2,1
11423,0.144,20646,1,1
9194,0.36,9796,1,0
13126,0.075,26560,1,0
22424,0.167,9713,0,1
8861,0.478,10546,0,1
10246,0.22,23370,2,0
10897,0.235,10382,1,0
32730,0.161,59000,0,1
5000,0.411,5781,1,1
13927,0.287,17046,1,1
9345,0.438,18376,0,1
13139,0.526,30371,1,0
7124,0.068,5344,0,1
9657,0.121,9478,1,0
14125,0.318,20119,1,0
40000,0.082,67560,1,1
14824,0.314,20492,2,0
6476,0.328,13546,0,0
8007,0.112,16118,1,0
7889,0.296,9869,1,1
5000,0.41,5000,1,1
8391,0.187,6783,1,1
14277,0.184,20310,1,0
5233,0.02,12287,1,0
16718,0.338,26613,0,1
12630,0.054,19120,0,0
6856,0.41,13165,2,0
9220,0.153,6637,1,0
22007,0.36,15593,1,0
14282,0.257,16072,2,0
9940,0.299,24744,2,0
8788,0.147,19680,1,0
10283,0.19,18800,0,0
7662,0.094,9359,0,0
5000,0.037,7824,1,0
27476,0.252,28505,1,1
10696,0.371,19425,1,1
12077,0.25,15453,0,1
9614,0.291,6273,1,1
6852,0.275,5836,2,0
9018,0.101,15135,2,1
5000,0.35,9292,1,1
30900,0.523,18591,1,1
5338,0.144,11198,2,0
5907,0.127,12590,2,0
7941,0.418,15235,0,1
18845,0.067,34591,1,0
9969,0.44,8841,0,1
5334,0.146,12435,0,0
18530,0.26,17863,0,0
14264,0.171,11172,0,1
12954,0.45,22553,1,0
14155,0.256,16485,1,1
32767,0.253,77309,0,1
29511,0.586,40328,1,0
7020,0.349,5222,2,1
22291,0.196,53739,0,1
11987,0.227,17769,2,1
12702,0.378,18913,1,0
5000,0.136,6050,1,0
9088,0.155,19591,1,1
6591,0.162,6618,1,0
14973,0.256,6420,1,0
16907,0.179,24419,0,1
5000,0.1,11721,0,0
9788,0.074,9532,1,0
17342,0.536,16635,1,1
9015,0.295,17579,1,1
14250,0.536,28908,2,1
11796,0.366,15508,1,0
11740,0.084,25250,1,0
8641,0.214,6576,1,0
5386,0.357,6306,1,0
5649,0.299,7055,1,0
14110,0.283,14913,1,0
9993,0.525,8567,0,0
9234,0.492,10251,1,1
8006,0.207,5000,1,0
8496,0.154,15948,2,0
16704,0.342,30675,1,1
8369,0.254,11261,1,0
5061,0.064,5457,0,1
14354,0.349,18827,0,1
8933,0.247,21142,1,0
10053,0.177,16764,1,0
22110,0.667,42801,1,0
9795,0.501,8639,1,1
11436,0.466,6850,0,0
5489,0.346,5000,2,0
8867,0.191,12337,2,0
13423,0.195,25572,1,0
5000,0.152,10128,1,0
10942,0.106,20931,1,0
10408,0.616,24114,1,1
10103,0.61,5144,2,0
16623,0.249,36508,2,0
11698,0.523,20910,2,0
20723,0.19,15928,0,0
6022,0.055,11038,0,0
10593,0.529,15621,1,1
10324,0.245,11913,1,0
5798,0.238,5338,2,0
15964,0.16,21947,0,1
31645,0.412,28549,1,0
9813,0.512,5632,1,1
12740,0.336,27733,2,1
10324,0.218,16983,0,0
6927,0.246,8061,1,0
5000,0.218,6690,0,1
6954,0.527,15411,1,1
5000,0.376,5358,2,0
23203,0.195,27806,1,0
9343,0.131,18769,2,0
8325,0.099,6835,0,1
15437,0.091,27548,1,0
5648,0.063,7411,2,1
6745,0.215,9782,2,0
10239,0.328,21016,2,0
16554,0.42,41146,1,0
12718,0.571,27296,0,0
11205,0.113,8260,2,0
10291,0.421,8969,2,0
12089,0.229,15243,2,0
10947,0.29,20913,2,0
5913,0.17,8691,0,1
10127,0.381,23230,0,0
5785,0.107,5000,2,0
10306,0.403,9717,0,1
7782,0.143,6696,2,0
35231,0.195,69150,1,1
9701,0.11,13349,0,0
5000,0.148,5000,0,1
9254,0.714,18733,1,0
12831,0.222,14882,2,0
22849,0.718,21637,2,0
7370,0.187,5776,0,0
5000,0.066,11933,1,0
14889,0.239,35411,0,1
5000,0.251,5000,0,1
7957,0.504,7073,1,1
8700,0.565,15286,2,1
9558,0.147,17280,2,0
13968,0.132,17839,1,0
7031,0.286,11207,0,1
8631,0.251,16187,2,0
9826,0.108,23545,1,0
10665,0.32,20507,1,0
10393,0.222,6564,2,0
12307,0.198,23477,1,0
15091,0.584,8183,1,1
12043,0.27,17527,1,0
12416,0.662,18705,1,1
5000,0.265,10171,2,0
10148,0.226,5000,0,0
12578,0.096,28138,1,1
14249,0.153,25565,2,1
7001,0.197,5000,0,0
7118,0.494,5239,0,0
7427,0.092,5000,1,0
12941,0.524,25992,1,0
16596,0.081,12595,2,0
8072,0.404,5000,0,0
15583,0.147,10749,0,0
10527,0.379,16581,2,0
9300,0.254,13398,0,1
8904,0.242,8166,1,1
14375,0.121,34216,2,0
11646,0.431,25565,0,1
30881,0.147,32745,2,0
6463,0.103,9026,1,1
12823,0.562,19047,1,1
7596,0.503,15100,0,1
6408,0.445,8322,1,1
9843,0.067,15233,2,0
10600,0.19,13424,1,1
40000,0.062,80076,1,1
9026,0.244,14148,1,0
5624,0.324,12027,1,1
11344,0.444,5818,2,0
5000,0.225,11495,1,0
9452,0.136,20045,0,0
9976,0.272,21139,0,1
14724,0.132,10228,1,0
16103,0.486,15351,1,0
7694,0.31,18916,0,1
9179,0.294,21989,0,0
6747,0.542,5909,1,1
5630,0.323,7370,1,1
11555,0.095,8406,1,0
5235,0.149,5000,1,0
8044,0.298,6338,2,0
6017,0.155,5000,2,0
13027,0.341,21064,1,0
24360,0.442,22062,2,0
5162,0.186,12822,0,1
5000,0.114,7412,2,1
9298,0.082,10730,1,1
9975,0.382,23118,0,1
11040,0.196,18808,2,1
7917,0.414,5279,2,0
8952,0.105,12940,2,1
11893,0.313,15774,1,1
16650,0.324,33414,2,1
5000,0.059,9284,0,1
8229,0.226,9700,0,0
11013,0.287,15264,1,1
6254,0.219,9315,1,0
23519,0.368,30273,1,1
7203,0.421,5000,1,0
9694,0.141,22312,1,1
13069,0.39,23686,2,1
7363,0.169,10209,2,0
5000,0.364,7980,2,0
7987,0.366,6770,2,0
16559,0.469,25073,2,1
8362,0.106,16446,2,0
6481,0.226,9857,0,0
15722,0.154,22158,1,0
8388,0.45,11500,0,0
7668,0.406,15333,2,1
10665,0.478,21138,0,0
14550,0.177,28739,2,0
32560,0.131,29856,1,0
14967,0.3,25408,0,1
17675,0.396,35981,1,0
7684,0.089,12142,2,0
5925,0.146,12063,0,1
10210,0.264,22404,1,0
10441,0.327,7989,0,1
5771,0.242,6021,2,0
9066,0.376,15075,0,1
12084,0.391,12184,1,0
11851,0.583,28169,1,1
12735,0.269,10286,0,1
11446,0.436,13159,2,0
7680,0.18,19110,1,0
7654,0.357,6102,0,1
5434,0.247,7295,2,0
24158,0.391,25582,2,0
9963,0.248,20929,2,0
8844,0.091,9187,1,0
6220,0.241,5000,1,0
40000,0.451,94383,2,0
5786,0.151,6171,0,1
7987,0.24,15635,2,1
12184,0.16,12308,0,1
13361,0.382,10355,1,0
15977,0.412,33315,2,0
24435,0.158,12626,1,1
12747,0.236,13985,1,0
5837,0.107,11896,0,1
8703,0.335,12842,1,0
11543,0.157,21334,0,1
27836,0.384,15040,2,0
5000,0.629,9873,1,1
18056,0.212,13742,0,1
10828,0.031,22721,1,0
15046,0.129,23845,2,0
9405,0.139,18360,0,0
6494,0.31,5500,0,1
14406,0.415,17725,1,0
13728,0.189,28614,0,1
16091,0.245,37213,1,1
9831,0.116,8610,2,0
7332,0.362,15150,1,1
5000,0.114,5000,2,0
14908,0.335,19292,1,1
12233,0.078,29009,0,1
6106,0.31,14562,2,0
7560,0.09,7734,0,0
7837,0.01,6309,2,0
5000,0.128,5000,0,1
6575,0.675,9270,2,1
5614,0.378,5000,2,0
8052,0.468,9255,0,1
6840,0.128,5000,0,0
5000,0.298,5000,0,1
27208,0.151,62323,0,1
18513,0.178,24783,1,0
6704,0.387,5000,1,0
11341,0.37,19942,1,0
12194,0.414,29349,0,1
17953,0.22,24653,0,0
6572,0.695,11246,1,1
17086,0.328,39825,2,0
7525,0.221,9633,1,1
5074,0.092,9112,0,1
14215,0.259,18841,1,1
18870,0.141,45676,1,1
36096,0.095,52628,1,0
5432,0.48,12276,1,1
14037,0.204,20566,2,0
8063,0.359,14543,1,1
14642,0.27,17730,0,1
5000,0.199,11634,0,0
5263,0.193,9256,1,1
6714,0.426,5000,2,0
10295,0.472,5000,2,0
7182,0.44,13072,0,1
13760,0.216,8805,0,0
16538,0.605,31488,2,1
13356,0.428,14375,0,1
22234,0.108,34057,2,0
12184,0.568,9336,1,1
5385,0.42,5000,1,0
19568,0.183,25782,0,1
7313,0.446,13145,1,0
15602,0.324,11343,2,0
21739,0.471,21536,1,1
12435,0.191,10379,1,0
5000,0.372,11058,2,0
6253,0.239,11011,1,1
19175,0.088,26535,2,0
9094,0.2,21723,0,1
10298,0.234,20033,2,0
14463,0.311,34101,1,0
14018,0.119,23200,0,0
11377,0.093,7849,0,1
8916,0.047,16213,2,0
8464,0.669,6967,0,1
15198,0.167,17121,2,0
13053,0.394,19190,1,0
8702,0.271,6356,1,0
17001,0.289,7542,2,0
9278,0.188,10084,1,0
6465,0.266,13777,2,0
6771,0.187,5000,2,0
6067,0.243,5000,1,1
8636,0.27,18089,2,0
18340,0.52,19116,2,0
6617,0.725,15684,1,1
10875,0.102,13034,1,1
7127,0.282,14774,1,1
8689,0.384,8197,1,0
5000,0.41,5000,1,0
8863,0.129,19954,2,0
8983,0.22,21087,1,1
12966,0.281,24468,1,0
11066,0.2,22321,1,0
5436,0.268,5000,1,1
17019,0.552,33749,0,1
10994,0.478,15300,2,0
10929,0.435,14763,1,0
9851,0.366,15114,1,1
7639,0.216,7407,1,1
11035,0.211,20550,2,0
12553,0.359,12814,0,0
5000,0.297,7865,2,0
7559,0.44,5197,1,0
8712,0.165,15836,2,0
11249,0.16,8979,2,0
17973,0.241,13621,0,1
6728,0.528,5000,2,0
7715,0.094,5059,2,0
7659,0.507,6804,0,0
6629,0.16,5746,2,0
8319,0.333,9052,1,0
14550,0.442,7483,0,1
5843,0.431,13813,0,1
12257,0.396,7970,1,1
5000,0.47,9370,0,1
7475,0.143,11389,0,1
8393,0.124,13101,2,0
22866,0.148,14213,2,0
8626,0.264,7856,1,1
5000,0.398,10188,0,1
5000,0.358,6868,0,1
10066,0.467,13689,1,0
13452,0.233,20802,2,0
11940,0.443,15654,0,1
10762,0.17,22523,0,0
17696,0.377,34902,2,1
7556,0.128,8053,2,0
15482,0.33,32596,1,0
5000,0.155,7445,1,1
6295,0.47,10816,0,0
5000,0.583,11094,0,1
8626,0.218,12073,2,1
9670,0.316,19227,1,0
10478,0.209,18011,1,0
10208,0.259,13231,1,0
6224,0.289,12803,2,1
8999,0.31,5586,0,1
5000,0.154,8102,1,1
19567,0.542,9733,1,1
8503,0.17,6189,0,1
7750,0.103,12848,1,0
21904,0.411,22912,1,1
5318,0.546,5058,1,0
5637,0.319,13571,1,0
5720,0.107,6684,0,1
9566,0.387,15172,1,0
12281,0.335,18690,1,0
14326,0.217,7596,2,0
35810,0.025,65031,0,0
5000,0.133,7385,1,0
13418,0.145,16114,2,0
7490,0.314,5000,1,0
7381,0.437,7495,0,0
7259,0.126,16382,2,0
6283,0.148,5000,0,0
22977,0.313,19774,1,0
15080,0.511,12533,2,0
10012,0.248,22735,2,1
19448,0.347,36367,0,1
5000,0.21,11259,1,0
5088,0.033,11798,1,0
5000,0.235,11743,0,1
6976,0.566,9906,0,1
10730,0.194,15023,1,1
10419,0.336,22305,0,0
10664,0.361,11699,2,0
5000,0.62,5000,1,0
14788,0.339,16211,1,1
11156,0.164,21246,2,0
14278,0.202,9418,1,0
5000,0.274,10240,2,0
11565,0.054,24431,0,0
5464,0.352,5000,1,0
8113,0.166,5000,2,0
12928,0.402,10569,1,0
10358,0.098,11895,0,1
6465,0.201,9819,2,0
9928,0.067,14094,1,0
5000,0.334,10958,1,0
17590,0.567,12290,2,1
8931,0.086,16656,2,0
17314,0.207,26882,0,0
7606,0.166,14812,1,1
7617,0.195,8517,1,1
6754,0.161,9387,0,1
15337,0.19,7056,0,1
6941,0.119,5000,1,0
13660,0.395,16222,1,0
8174,0.07,11531,2,0
5000,0.389,5000,1,1
7441,0.087,15869,2,0
5488,0.06,13099,2,0
10066,0.525,16633,1,0
5457,0.283,5000,1,0
15724,0.35,30687,2,1
9456,0.408,8095,1,0
9056,0.036,17575,1,0
13738,0.061,18026,1,0
16025,0.124,8208,1,0
9798,0.366,9654,0,1
6730,0.208,8727,1,1
5000,0.277,9730,0,0
7023,0.305,5000,2,0
7269,0.268,7288,1,0
10441,0.614,6008,1,0
8328,0.463,14101,1,0
13960,0.431,19488,2,0
7284,0.277,17125,2,0
9618,0.494,18806,0,0
17889,0.317,36380,2,0
11741,0.516,8750,2,1
9604,0.527,9219,1,0
7324,0.091,10823,2,0
7211,0.314,5000,2,0
6468,0.394,14407,1,1
7551,0.293,15354,2,1
14441,0.449,7533,1,1
8857,0.356,19336,2,0
5039,0.332,5000,1,1
23958,0.177,15330,1,0
11614,0.051,5996,2,0
5000,0.363,7031,2,1
7935,0.357,16239,2,1
10461,0.183,8106,0,1
23209,0.283,46885,1,0
5687,0.264,5000,2,0
16123,0.438,39987,1,1
19925,0.461,43682,2,1
7227,0.129,14080,2,1
8614,0.123,14150,1,0
5894,0.277,5360,1,1
8939,0.4,5815,0,1
9717,0.365,13280,1,0
13764,0.528,17144,1,1
17070,0.743,31006,1,1
6808,0.043,5155,2,0
5000,0.25,7902,1,0
9792,0.073,18175,0,0
11461,0.168,11780,2,0
11211,0.089,22849,1,1
8405,0.269,10985,1,0
10534,0.353,7811,1,1
21114,0.13,17082,1,0
11978,0.237,11807,0,1
8211,0.25,6011,1,0
7707,0.266,12193,1,0
9091,0.097,21757,2,0
22434,0.289,51190,2,0
9030,0.108,9751,0,1
9799,0.337,21714,2,0
7776,0.546,18690,2,0
17145,0.381,17449,1,0
26368,0.084,60676,0,1
12398,0.398,30928,1,1
10315,0.238,21405,1,0
10080,0.046,12293,0,0
5000,0.143,8389,0,1
14365,0.462,16732,0,1
10583,0.205,26369,0,1
12260,0.211,6651,2,0
6934,0.429,15779,2,0
8166,0.503,5000,1,1
8058,0.387,5000,1,0
16494,0.135,39156,2,0
8189,0.161,18191,2,0
28038,0.268,32504,2,0
12276,0.572,29596,1,1
5229,0.406,11557,1,1
9281,0.156,21292,2,0
7144,0.207,11787,2,0
5000,0.55,12062,2,1
22020,0.236,46246,2,1
14066,0.286,33393,1,1
12920,0.308,12806,1,1
10750,0.641,16312,0,1
5000,0.404,11110,0,1
7771,0.275,12569,2,1
15076,0.086,31393,2,0
5851,0.083,14297,1,1
5000,0.179,10447,0,1
8834,0.056,9384,2,1
9219,0.211,5986,1,0
10591,0.277,10302,2,0
14246,0.309,25527,1,0
13613,0.195,5758,0,1
11264,0.187,8993,1,0
17993,0.147,19549,1,0
5000,0.408,11189,1,1
12737,0.058,6459,0,0
13538,0.413,6834,0,0
5325,0.081,8300,1,1
5000,0.361,5000,2,0
6816,0.342,6193,0,1
7109,0.344,5594,2,0
14424,0.275,23388,2,1
7278,0.274,5000,1,0
6449,0.214,15312,0,0
7289,0.02,5000,0,0
17314,0.433,41526,1,1
9961,0.255,20263,0,1
9048,0.37,19353,1,1
9367,0.181,7146,1,0
18883,0.15,34108,0,1
6805,0.213,14398,0,1
19105,0.137,30032,2,0
10995,0.497,17122,1,0
9134,0.258,6711,2,1
34559,0.418,43887,0,0
5838,0.187,5000,0,1
8292,0.443,20259,2,0
5344,0.224,9823,1,0
15934,0.436,7994,2,0
23030,0.059,32271,2,0
22810,0.269,39683,1,1
18250,0.186,10966,1,1
8965,0.274,16107,2,0
8245,0.448,6368,2,0
5000,0.248,6282,1,0
27390,0.339,46937,1,0
12512,0.18,14597,1,0
7738,0.302,9285,2,0
19226,0.293,41751,2,1
6085,0.22,6386,1,0
12128,0.458,21539,2,0
9078,0.109,19820,2,0
13620,0.278,9814,0,1
9587,0.47,5000,1,0
5000,0.428,10668,1,1
10278,0.17,16007,1,1
16721,0.083,35752,2,0
9753,0.731,8264,0,0
14582,0.535,31330,2,0
5867,0.288,5000,0,0
9768,0.515,22024,1,1
7242,0.207,15407,0,0
14378,0.296,22882,1,1
10054,0.422,16866,1,1
13975,0.35,15739,2,0
17049,0.187,14038,2,0
13985,0.708,18970,1,1
11345,0.183,20202,1,0
6008,0.619,15001,1,1
9883,0.444,20915,2,0
7581,0.341,9947,1,0
8332,0.357,16339,0,1
8206,0.43,5144,1,0
6063,0.285,7710,0,1
5000,0.24,6461,1,0
7086,0.339,17698,2,0
10901,0.575,13312,0,1
5043,0.169,5000,1,0
9975,0.376,5398,2,0
25594,0.201,47774,2,0
16506,0.224,16623,1,1
22511,0.755,50081,0,1
12034,0.532,17019,2,0
17743,0.081,19407,2,0
6891,0.392,13742,1,0
7171,0.082,9156,1,0
5000,0.445,9742,0,1
17909,0.061,34020,0,1
21378,0.048,41020,2,0
7505,0.366,16512,0,1
8716,0.15,19017,0,0
6789,0.562,12190,0,1
11983,0.203,28876,1,0
17369,0.378,7703,0,0
5000,0.34,11769,2,0
12145,0.128,8639,1,1
8618,0.489,7277,2,1
10474,0.225,22169,2,0
12450,0.335,15449,2,0
9008,0.271,11649,0,1
9397,0.555,8914,0,0
8893,0.611,7749,1,0
16077,0.109,10017,1,1
12202,0.166,9923,0,1
11051,0.127,17573,0,1
5242,0.066,9875,0,1
8190,0.161,15983,1,0
15511,0.086,18261,0,1
10085,0.39,23560,0,0
13763,0.029,15006,0,0
23938,0.14,15162,2,0
16635,0.29,39675,0,1
10369,0.336,15920,2,1
7665,0.262,18703,1,1
5000,0.178,6133,2,0
9097,0.261,18109,1,1
8408,0.231,5304,2,0
12030,0.434,26389,1,1
9164,0.198,6950,2,0
8432,0.274,5000,0,1
5000,0.288,5000,2,0
6185,0.109,9714,0,1
12560,0.267,12723,1,1
23340,0.415,56437,1,0
9426,0.208,20649,1,1
11659,0.211,24333,1,0
15934,0.046,33466,1,1
6598,0.159,14980,2,0
11889,0.493,26358,0,1
6834,0.132,16056,0,1
15251,0.278,36025,2,0
10675,0.198,10958,0,1
11489,0.106,9893,2,0
6692,0.038,11714,1,0
14094,0.311,9287,0,1
28067,0.229,23671,0,0
5979,0.18,12097,2,0
8350,0.22,14727,2,0
11112,0.013,19633,0,0
14664,0.284,35141,0,1
7481,0.148,13482,2,0
5000,0.559,6523,1,1
19527,0.284,19307,0,1
14476,0.175,16082,1,1
5000,0.131,5000,2,0
7304,0.419,5000,1,1
21678,0.692,20579,1,1
20412,0.507,43973,0,1
15824,0.228,30530,2,0
9062,0.233,15460,1,0
10316,0.302,23672,1,1
9269,0.147,8849,1,1
17398,0.343,28065,1,0
6387,0.064,5000,0,1
6615,0.669,15037,2,0
16401,0.224,21982,1,0
9680,0.369,7487,1,1
19716,0.124,17795,0,1
7074,0.482,15431,1,1
9629,0.148,6052,1,0
6240,0.07,14620,2,0
9933,0.387,11764,1,0
5000,0.751,5000,2,1
7755,0.301,8507,2,0
5000,0.053,6294,1,0
14002,0.243,21717,0,1
14161,0.368,23116,0,0
5000,0.177,6702,0,0
19282,0.498,25787,1,0
34499,0.669,34469,2,0
10127,0.273,12213,2,0
7182,0.203,9919,0,1
40000,0.252,66197,1,0
5117,0.343,5000,1,1
9997,0.196,20037,1,1
10827,0.304,19804,1,0
19391,0.01,19922,1,0
11847,0.174,16167,1,1
7713,0.3,18423,1,1
6151,0.158,5000,1,1
8342,0.255,17550,2,1
5982,0.31,8821,1,0
10136,0.103,17227,2,0
7464,0.159,13715,2,0
5000,0.609,6788,1,0
18537,0.149,14884,1,0
7716,0.123,17827,2,0
5249,0.468,10260,1,0
9098,0.369,14331,1,0
10241,0.428,13741,2,0
5000,0.432,7242,2,0
11682,0.409,24876,0,0
5863,0.567,5000,2,0
23283,0.37,51624,2,0
12861,0.449,6407,1,0
8103,0.464,13722,1,0
6818,0.041,7497,0,1
9391,0.277,17132,0,1
13445,0.228,7793,1,1
9771,0.09,15322,1,0
8878,0.377,19497,1,0
10190,0.252,14661,2,0
7317,0.263,5000,2,0
8336,0.279,5000,0,1
5000,0.308,8522,1,1
16104,0.263,8793,1,0
11491,0.161,6317,0,0
6722,0.09,8695,0,1
25574,0.361,21482,1,0
10337,0.184,8567,2,0
5895,0.089,8312,0,1
15189,0.023,15032,0,1
12076,0.245,10391,2,0
12055,0.502,17845,2,1
7999,0.222,8086,1,0
12397,0.373,7047,1,0
8682,0.067,15922,1,0
13068,0.177,21298,0,1
5000,0.242,5000,0,1
7966,0.194,12928,0,1
23413,0.252,56350,1,0
6744,0.396,16244,2,1
7317,0.281,11101,2,1
7911,0.105,5000,1,0
5391,0.133,7344,1,0
5000,0.133,5000,1,0
8819,0.458,11217,1,1
10592,0.305,24467,0,1
9640,0.2,13319,1,0
9205,0.134,14324,1,0
10112,0.264,7401,2,0
16505,0.196,7144,1,1
8998,0.239,22370,2,0
7427,0.347,8247,0,1
8599,0.405,8484,2,1
13222,0.326,21151,2,0
20050,0.425,39402,1,1
7229,0.07,6708,2,0
10399,0.309,15605,2,1
11721,0.442,12876,1,1
6025,0.209,8495,2,0
9998,0.041,7386,1,1
5000,0.201,7356,1,0
5000,0.393,5000,1,0
11889,0.465,25727,1,0
8168,0.155,14034,2,0
10950,0.181,26030,1,0
9808,0.4,16277,0,1
6074,0.168,5000,1,0
9675,0.338,13705,2,0
5342,0.159,9594,1,0
19840,0.129,23528,1,0
5024,0.154,7840,2,0
8974,0.094,6655,1,0
5877,0.363,11942,0,0
13163,0.03,30408,0,1
8385,0.155,8899,1,0
7636,0.317,15776,0,1
15162,0.379,8992,1,0
10043,0.438,9221,2,0
12814,0.124,17554,2,0
6059,0.474,7340,1,1
5000,0.388,8506,2,0
10442,0.401,16522,0,1
8438,0.685,5000,1,1
13537,0.282,9158,0,1
9509,0.33,5000,1,0
10965,0.361,26323,1,1
5000,0.165,8776,1,1
25443,0.677,55892,2,0
9116,0.22,14009,0,1
14027,0.344,11321,1,0
6515,0.153,11179,1,0
11544,0.044,16869,1,0
5159,0.378,6486,0,1
12407,0.331,14650,1,0
8283,0.073,14621,0,0
10042,0.224,17045,2,0
14030,0.078,10077,1,0
5344,0.168,11297,0,1
7028,0.258,12200,1,1
12439,0.091,18973,1,0
28257,0.111,55744,1,1
9236,0.36,6675,0,0
13300,0.239,31009,0,1
9381,0.557,9083,2,0
26137,0.418,24877,2,0
5000,0.192,10556,0,1
10376,0.729,11428,0,1
5000,0.552,10722,0,1
5000,0.293,5444,2,0
11484,0.13,17874,1,1
10612,0.395,9389,2,0
8583,0.402,16619,1,1
9385,0.21,7044,2,0
40000,0.291,91552,2,0
8698,0.238,10268,1,1
12772,0.485,17757,1,1
7153,0.434,5000,1,1
11471,0.257,28095,0,0
8785,0.409,18517,1,1
8060,0.202,10790,2,0
24574,0.159,57320,2,0
17829,0.246,41991,2,1
10597,0.572,16101,2,1
5000,0.105,5000,1,0
8262,0.305,11757,0,1
38235,0.192,41373,1,0
8819,0.389,11824,1,0
17181,0.029,39757,1,0
20352,0.148,20186,2,0
11042,0.271,23871,1,0
6496,0.039,15359,2,0
5000,0.685,10453,1,1
13933,0.5,21001,2,0
6585,0.167,10433,0,1
10808,0.123,22927,1,0
5298,0.057,5000,0,1
8667,0.238,16862,1,0
10065,0.367,15205,0,1
11319,0.164,13968,1,1
5667,0.052,11395,2,0
18005,0.273,17269,2,0
7343,0.156,16747,2,0
5000,0.229,9229,1,0
9372,0.222,15757,1,1
10068,0.226,15088,0,0
10724,0.486,9081,1,1
19556,0.495,33159,1,1
8793,0.545,16904,0,1
9322,0.261,5000,1,1
5701,0.06,6667,0,1
14917,0.308,32044,1,0
10852,0.478,18749,0,1
8022,0.36,13574,1,1
5000,0.31,5000,1,1
20377,0.47,35200,1,0
5357,0.446,10986,0,1
7364,0.457,9158,1,1
11839,0.274,9262,0,0
5441,0.451,5000,2,1
5000,0.127,7309,0,1
5000,0.424,9180,1,1
14192,0.262,10524,1,0
7535,0.215,9683,0,1
40000,0.18,63766,1,0
6019,0.085,5000,1,0
6243,0.153,6035,0,1
7459,0.399,12515,1,1
11176,0.499,21487,0,1
7823,0.172,13578,0,0
13442,0.089,25522,1,0
6067,0.35,9836,1,1
5000,0.267,10776,1,1
5000,0.08,10680,1,0
5000,0.201,10360,1,0
7638,0.512,12286,1,0
8514,0.16,21180,1,0
7217,0.382,5000,2,0
18429,0.174,14943,2,1
18288,0.376,38380,0,1
8371,0.487,17875,0,1
5000,0.306,10596,2,0
7455,0.069,16644,1,0
7332,0.423,9440,0,1
7125,0.304,16793,0,1
6982,0.565,5859,1,1
7138,0.103,16901,1,1
8157,0.239,12799,2,0
7202,0.706,5360,1,1
10983,0.152,21371,2,1
11851,0.091,12104,1,1
6277,0.334,5416,1,0
18686,0.343,14226,2,0
6063,0.168,5000,0,0
5000,0.446,10028,2,0
11972,0.286,17021,2,0
6576,0.328,16148,2,0
11621,0.355,15369,1,0
5000,0.353,10855,1,1
19855,0.458,48308,0,1
13851,0.403,6193,1,0
5000,0.064,5000,2,1
5000,0.191,5652,1,1
22836,0.36,50863,2,1
6845,0.202,14783,2,0
6521,0.221,7631,1,1
5000,0.424,5000,2,0
8304,0.211,17314,2,0
8832,0.245,14603,1,0
14153,0.26,6600,1,0
5000,0.345,10444,0,0
5000,0.653,12048,1,1
12400,0.291,6056,1,1
16372,0.234,16378,2,0
5000,0.14,10604,0,1
16996,0.341,27666,2,0
10084,0.171,24986,1,1
17084,0.191,39678,1,0
9555,0.475,7399,0,0
5000,0.228,9077,2,0
9172,0.734,16253,1,1
16815,0.552,10641,2,0
6330,0.177,5000,0,1
8151,0.479,13009,0,0
9062,0.218,11294,1,0
5000,0.101,7727,2,0
22826,0.239,20578,1,0
6306,0.477,9894,1,1
12744,0.171,15358,1,0
9477,0.222,21454,1,0
18560,0.269,19354,1,0
12125,0.377,27023,0,1
8800,0.093,10727,1,0
6331,0.459,10219,1,0
14748,0.161,14769,0,0
5000,0.526,10495,2,0
13669,0.384,29686,0,1
5712,0.519,11991,1,0
18511,0.18,32277,1,1
10728,0.215,11158,2,0
13657,0.349,23718,1,0
10311,0.448,24901,1,0
5000,0.256,8808,1,0
6435,0.508,15500,1,1
13852,0.13,14400,0,1
10757,0.227,23414,0,0
17863,0.329,34096,1,0
12108,0.215,25673,1,1
6103,0.05,11551,0,1
6647,0.166,9364,0,1
10419,0.182,19191,1,0
5000,0.273,11786,1,1
22850,0.241,29176,0,1
12343,0.264,29607,1,0
18279,0.156,9207,1,0
5000,0.36,5000,0,1
18440,0.118,26498,1,0
30204,0.392,65902,2,0
5113,0.609,5000,1,1
14555,0.479,27017,0,1
9902,0.127,15334,1,1
5000,0.274,5053,2,0
12663,0.438,12665,0,1
15014,0.263,8316,0,1
7327,0.553,11182,1,0
17729,0.255,23850,1,1
5000,0.403,5038,1,0
5000,0.21,12189,1,0
10596,0.349,22452,2,0
10023,0.211,15059,1,0
6916,0.201,10344,2,0
14835,0.465,11966,0,1
12905,0.029,22755,2,0
15200,0.059,36520,1,0
9306,0.086,21277,2,0
13376,0.552,7732,1,0
7920,0.134,5000,1,1
27636,0.785,66843,2,1
6592,0.067,5404,2,0
28357,0.049,44120,1,0
10071,0.175,5608,2,0
5000,0.251,10854,1,1
19614,0.362,12700,1,1
10540,0.169,18465,2,0
15147,0.557,7860,0,0
18250,0.453,13304,1,1
11719,0.207,17291,1,0
7360,0.42,5000,2,1
16120,0.218,13070,0,0
9900,0.168,6791,1,0
13945,0.406,6766,2,0
5000,0.197,12195,0,0
12375,0.367,16649,0,0
7191,0.25,15849,0,1
22621,0.458,26065,0,1
13514,0.329,6614,2,1
11158,0.393,20763,2,0
12621,0.244,6075,2,0
6007,0.506,9376,1,0
22284,0.16,15423,2,0
26787,0.405,48450,2,0
12045,0.072,27399,2,0
21921,0.355,52766,0,1
7445,0.359,11230,0,1
6643,0.599,10089,2,1
10101,0.395,5000,2,0
12301,0.117,24808,2,0
8127,0.278,19571,1,1
12950,0.177,17098,1,1
11535,0.151,23841,1,0
6007,0.249,12464,1,1
12828,0.016,26297,1,1
15241,0.602,30379,1,0
10783,0.328,9183,0,1
17611,0.12,34835,1,0
5384,0.177,5000,1,0
12506,0.258,23714,1,0
5512,0.148,5000,0,0
5670,0.166,13208,2,0
7219,0.28,15431,2,0
6179,0.517,11334,0,0
7525,0.47,5000,0,1
8892,0.403,18962,1,0
15041,0.116,33661,1,0
8428,0.179,15549,1,1
5000,0.371,12246,2,0
17501,0.159,10414,1,0
6512,0.325,12296,1,1
9610,0.041,14436,1,0
12372,0.344,8732,1,1
10935,0.614,19495,1,0
17104,0.508,35560,2,0
12575,0.501,9380,1,0
6433,0.397,13294,2,0
29415,0.314,17509,2,0
10907,0.6,17908,0,1
9194,0.168,19094,1,1
16025,0.392,11322,2,0
11211,0.445,17941,1,0
12083,0.166,15615,1,1
34409,0.26,57645,0,1
8625,0.26,11133,1,0
8443,0.478,7826,2,0
10491,0.252,9788,1,0
16911,0.199,37474,0,1
5000,0.477,5000,2,1
5000,0.615,5000,2,0
7379,0.567,5000,0,1
5000,0.076,5000,2,0
8003,0.437,5000,1,1
12724,0.078,9375,1,0
6339,0.494,5101,2,1
5000,0.555,5000,1,0
10246,0.282,6767,1,0
15233,0.108,9105,1,0
5000,0.441,7685,2,0
14914,0.072,28476,1,0
14893,0.089,25666,1,0
15947,0.513,25022,2,1
18201,0.105,24119,1,0
29762,0.65,51529,1,1
8282,0.507,19000,1,0
10454,0.2,17956,0,1
8036,0.074,5000,0,1
9906,0.116,15830,2,0
21299,0.483,31967,0,1
5051,0.746,6816,1,1
6434,0.186,10260,1,0
19704,0.56,35713,2,0
16481,0.351,7882,2,0
8253,0.302,11624,2,0
15171,0.357,32106,2,0
11738,0.345,17779,0,1
20955,0.12,11368,1,0
10272,0.377,20829,2,0
16528,0.425,39283,1,0
37086,0.138,81177,2,0
13347,0.545,15501,0,1
10144,0.273,15451,1,0
14203,0.053,23318,2,0
8244,0.117,15691,1,0
32662,0.107,58751,2,1
10829,0.192,8859,0,0
8634,0.465,18740,0,0
6516,0.405,14228,1,0
17130,0.065,21398,0,1
15269,0.1,10305,0,1
7718,0.727,12950,1,0
13203,0.037,15187,1,0
5000,0.317,9784,1,1
10856,0.036,11538,2,0
12411,0.108,11819,2,0
23240,0.586,51645,2,0
6731,0.29,11398,1,1
5222,0.044,5000,0,1
6325,0.143,11686,1,0
5073,0.093,10048,0,0
19309,0.489,17260,1,1
21468,0.189,52211,1,1
11615,0.275,13741,1,0
18226,0.283,43292,2,1
10582,0.525,10758,1,0
9437,0.44,15848,0,0
8378,0.57,12458,0,1
8474,0.122,21046,2,0
5000,0.075,6287,1,1
11295,0.237,8770,0,1
9699,0.635,20851,0,1
14366,0.473,7015,1,0
10370,0.386,23421,0,1
9123,0.302,5768,1,0
6402,0.138,10251,1,1
10260,0.357,19476,0,1
14315,0.025,15837,0,0
5587,0.487,12147,0,0
10339,0.388,17027,1,0
11120,0.22,13675,0,1
6911,0.358,7487,2,1
7376,0.172,5000,1,0
11106,0.179,19378,1,0
5615,0.431,6539,1,1
11789,0.431,12652,0,1
6325,0.098,15148,2,0
16838,0.201,16381,2,0
31853,0.262,71377,1,0
6435,0.392,15750,2,0
12927,0.186,27506,0,0
6881,0.395,5000,2,0
16655,0.608,37042,1,0
5257,0.103,5000,1,1
12585,0.404,14371,1,0
6396,0.103,15878,1,1
8924,0.398,11159,0,1
5910,0.153,10492,1,0
14930,0.409,15714,0,1
6512,0.173,7657,1,1
13042,0.158,21585,0,1
8332,0.289,19926,2,0
9346,0.146,9282,1,0
10655,0.076,9797,2,0
6762,0.096,5000,1,0
10994,0.09,9064,0,1
21272,0.493,20231,1,1
6707,0.297,5000,1,1
17781,0.519,28158,1,1
20932,0.151,13945,1,0
6580,0.175,9695,1,0
5000,0.58,5000,0,1
11510,0.105,27221,2,0
7527,0.257,7865,1,1
25192,0.434,14993,2,0
10070,0.491,21712,0,1
6626,0.116,8245,1,1
5577,0.357,11835,2,0
17067,0.139,18027,1,0
7438,0.719,10786,0,1
10116,0.153,13507,1,0
15960,0.259,25084,1,1
7768,0.149,9660,1,0
9672,0.479,13960,0,1
9815,0.48,17928,1,1
13928,0.417,17700,1,0
13298,0.123,24431,1,0
8865,0.424,16845,1,0
10217,0.087,20155,2,1
8218,0.061,11414,2,0
5000,0.274,5000,1,0
11257,0.362,22316,0,1
25491,0.58,58861,0,1
6362,0.042,11264,1,0
6724,0.092,10096,2,0
6403,0.178,10086,0,1
14218,0.198,24821,2,0
12385,0.565,30924,0,1
9142,0.288,5000,1,0
6254,0.324,5000,0,0
10364,0.489,25132,0,1
5000,0.441,6624,0,0
10632,0.314,17926,1,1
15302,0.371,30332,1,0
5294,0.379,10368,0,1
5000,0.01,8795,2,0
21801,0.327,30324,1,1
7288,0.372,11733,2,0
17465,0.472,33747,0,1
9163,0.434,20038,0,1
9127,0.165,6090,2,0
12322,0.17,12122,1,1
6361,0.068,7855,2,0
10575,0.096,19009,0,0
8178,0.373,10066,0,1
5114,0.219,5000,2,0
11716,0.443,5502,1,0
8676,0.102,18821,2,0
9149,0.061,11709,1,0
5404,0.523,5897,0,1
21931,0.207,33221,1,0
15342,0.213,10097,2,0
16027,0.022,19785,2,0
8495,0.316,16810,0,0
5000,0.223,9729,0,1
26277,0.1,53105,1,0
9599,0.328,13262,2,0
6806,0.448,7995,2,0
12190,0.172,26160,0,1
17739,0.399,13551,1,0
9783,0.393,18812,1,1
18756,0.036,42477,1,0
17009,0.088,17024,1,0
5777,0.133,5000,1,0
7066,0.148,10432,1,0
15974,0.25,13649,1,1
5000,0.452,11143,0,1
9184,0.256,8387,2,0
5000,0.325,5296,0,1
7798,0.392,17669,1,1
8523,0.278,7089,1,0
8274,0.16,18683,0,1
7509,0.122,6312,1,1
5718,0.189,13236,2,0
31130,0.461,33218,2,0
25178,0.17,23090,1,0
5535,0.051,7761,1,0
21830,0.336,25658,2,0
8105,0.052,6676,1,1
10557,0.195,11724,1,0
9588,0.149,18197,1,1
7116,0.267,15278,1,1
16186,0.117,34373,0,0
10540,0.237,20967,1,0
7798,0.274,5000,0,1
5154,0.033,6680,1,0
6330,0.083,5000,1,0
5000,0.414,5000,1,0
9957,0.282,19371,2,0
5440,0.36,11242,1,1
8666,0.223,18292,2,0
19634,0.695,44563,1,1
18027,0.142,29548,2,0
9738,0.725,24308,2,0
9475,0.091,13415,2,0
25334,0.394,57138,1,1
12840,0.39,8181,1,0
8400,0.318,5987,1,1
5000,0.333,8198,0,1
12051,0.082,7962,1,0
14982,0.335,8362,1,0
7216,0.122,5858,2,0
11448,0.178,23512,2,1
8252,0.245,19372,0,1
9027,0.347,9932,1,0
5000,0.13,12234,2,0
8858,0.041,18602,2,0
16069,0.37,14058,2,0
7217,0.541,11771,0,1
10160,0.496,25012,1,1
6781,0.335,14801,0,1
11851,0.438,13784,2,1
8881,0.395,9265,2,0
6188,0.41,13121,1,1
19269,0.458,29930,2,0
15747,0.137,11704,0,0
7314,0.281,7960,1,0
12694,0.723,22720,1,0
12948,0.255,9343,1,1
13645,0.306,25479,1,1
5000,0.202,9454,0,1
16371,0.528,15856,1,1
7443,0.174,9199,1,1
8275,0.303,19567,0,1
37009,0.037,73030,2,0
11509,0.095,23645,1,0
8158,0.774,12108,2,1
5000,0.411,5000,0,1
19828,0.197,32551,0,1
5051,0.147,10210,2,0
5992,0.327,5000,1,1
8386,0.456,5358,1,1
20094,0.051,28052,1,0
14568,0.226,19202,0,1
9146,0.152,22524,2,0
11546,0.477,6853,0,1
7330,0.096,7915,0,0
10612,0.193,22411,2,0
10266,0.121,17310,1,0
16064,0.235,25372,2,0
16052,0.045,31406,2,0
12669,0.295,6131,1,0
8257,0.206,19732,1,1
14341,0.164,11496,2,0
9452,0.157,5405,1,0
5762,0.174,6406,1,0
8089,0.169,15167,2,0
10324,0.241,9148,2,0
15601,0.226,7874,2,1
9029,0.052,5000,1,0
5406,0.1,5075,0,0
10181,0.08,6965,2,0
10474,0.113,12382,1,0
10860,0.408,8291,1,1
15676,0.175,17605,1,0
16472,0.301,21965,1,0
7353,0.234,14407,1,0
7273,0.023,6382,1,0
5883,0.099,8222,2,0
14036,0.201,29648,2,0
20422,0.089,50472,0,1
8454,0.113,13276,1,1
8771,0.299,11472,2,0
20607,0.453,35572,2,0
12743,0.26,18111,0,0
12309,0.367,9182,0,0
5456,0.192,7447,1,0
13896,0.338,34130,0,1
6219,0.195,10852,2,0
5613,0.584,5586,1,0
8321,0.126,19880,2,0
7384,0.276,8979,1,0
8859,0.411,10801,1,1
5000,0.153,8474,2,1
15985,0.297,25493,2,0
17393,0.437,17565,0,0
5000,0.306,6904,0,1
16142,0.124,17729,2,0
6599,0.159,12864,1,1
15191,0.312,9984,2,0
9564,0.322,18894,2,0
10040,0.33,7414,1,1
9022,0.639,9406,1,1
18143,0.48,19957,0,1
5325,0.048,13205,2,0
13412,0.164,21977,1,1
17165,0.312,34895,0,1
14159,0.275,22178,1,1
31645,0.066,77994,1,1
7597,0.173,5868,0,0
15972,0.434,26678,0,1
9385,0.053,19470,1,0
18337,0.039,31539,1,0
9859,0.384,22514,2,1
8152,0.044,13545,0,0
19016,0.501,40609,2,1
7740,0.302,5953,1,0
5000,0.186,5000,0,0
7643,0.202,10184,1,0
13487,0.379,29515,2,0
19851,0.23,25722,1,0
10462,0.255,17971,2,1
19131,0.411,23554,0,0
5018,0.56,10499,2,0
7929,0.176,6507,1,0
8567,0.133,14109,2,0
9346,0.654,15080,2,1
10322,0.065,12869,1,0
13981,0.146,26295,1,1
7923,0.069,5000,0,1
10609,0.305,22992,1,1
9676,0.305,10941,1,1
6229,0.175,12866,1,0
9350,0.564,9730,1,1
9211,0.238,7319,2,1
9113,0.392,11099,0,1
10055,0.307,20859,1,0
10278,0.178,19297,1,0
7973,0.39,9904,2,0
18701,0.493,44313,2,1
5515,0.14,6940,1,1
6901,0.294,7844,1,1
39734,0.16,27969,2,0
5889,0.115,5000,0,1
5029,0.188,5707,1,0
14288,0.448,8476,0,1
5000,0.547,6857,2,0
8798,0.644,19410,1,0
28938,0.286,40508,1,1
5000,0.468,7046,1,0
5000,0.197,5000,2,1
5000,0.193,5000,2,1
15509,0.488,13444,0,0
17368,0.307,27663,2,1
7659,0.577,12582,1,1
13927,0.057,12010,0,1
19833,0.502,24548,1,1
24189,0.236,38563,2,0
8750,0.37,17473,1,1
5000,0.274,5357,1,0
6565,0.321,6367,2,1
7995,0.336,15462,2,0
8695,0.398,12860,1,1
9009,0.164,19814,1,1
17317,0.089,14600,1,0
18717,0.443,37790,0,1
9083,0.214,6723,1,1
17141,0.086,27906,0,1
11835,0.11,11783,1,1
10221,0.263,6258,1,0
15572,0.238,26398,1,1
10261,0.064,15025,1,0
27692,0.338,39338,2,1
5000,0.118,8221,2,0
7649,0.017,9042,0,0
9290,0.109,16791,1,0
12329,0.099,8319,1,1
18657,0.152,35475,1,1
9777,0.141,15815,1,0
5000,0.16,7107,1,0
15081,0.434,10075,0,1
14435,0.424,14210,1,0
5000,0.239,5100,2,0
9878,0.399,8801,1,1
5000,0.321,12018,0,1
7098,0.274,16489,0,0
6301,0.29,9748,1,1
14833,0.189,12340,1,0
10492,0.426,24273,1,1
5204,0.15,10271,1,1
15367,0.226,7398,2,0
5000,0.487,7152,1,0
11673,0.216,19498,1,1
6587,0.104,5000,1,0
8243,0.408,5000,1,0
12735,0.283,17490,2,0
12845,0.195,5190,1,0
19312,0.366,9624,2,0
9498,0.497,7093,0,1
11535,0.317,26658,0,1
7951,0.35,15976,1,0
10839,0.514,14589,1,0
12329,0.544,17339,1,1
9422,0.159,17343,2,0
5000,0.046,6981,1,0
11681,0.241,6240,0,0
11876,0.191,23174,1,0
7043,0.245,5000,0,0
5207,0.327,7398,2,0
20701,0.399,45740,2,0
12653,0.1,8180,2,0
8826,0.441,16627,2,0
5605,0.368,5000,1,0
6562,0.268,16310,2,0
18982,0.104,34783,1,0
10602,0.214,25815,1,0
7515,0.296,13552,1,1
12769,0.068,11605,1,0
6586,0.396,15448,1,1
20961,0.479,35969,1,0
19465,0.298,31329,1,0
7837,0.233,10198,2,0
7227,0.347,7210,0,1
5000,0.38,7565,2,0
5000,0.665,5843,2,0
5065,0.235,11111,1,1
10589,0.199,5000,1,0
8407,0.245,12722,1,0
5050,0.237,10893,0,0
8599,0.104,5000,1,0
12742,0.215,12650,1,0
12886,0.243,6548,1,1
5000,0.419,8247,0,1
9282,0.076,9887,0,1
5000,0.383,12077,1,0
15535,0.602,26320,1,1
14648,0.257,23141,0,1
6316,0.139,14694,0,1
6747,0.476,5867,0,1
7858,0.285,12422,2,1
5000,0.424,7699,1,1
11707,0.208,6701,2,0
8634,0.482,20355,1,1
16076,0.311,30070,2,0
5714,0.394,12943,1,0
7262,0.262,17889,1,1
5000,0.369,7036,1,0
5990,0.007,12505,0,1
5480,0.114,8839,0,1
16284,0.425,39929,0,0
6980,0.487,6416,1,0
10531,0.15,5000,1,0
8181,0.232,6467,1,0
5246,0.317,5000,2,0
9098,0.155,11988,2,0
13353,0.379,7512,2,0
5410,0.387,5000,1,0
14832,0.543,8931,1,1
6471,0.257,9203,1,0
7773,0.435,7464,1,0
12904,0.255,17926,1,1
7103,0.286,5000,1,0
10084,0.219,14980,0,0
8456,0.324,5692,1,1
10558,0.322,6426,1,0
5000,0.127,5255,1,0
5000,0.154,11181,0,0
13466,0.029,27686,0,0
16623,0.272,40133,1,1
6277,0.41,8577,0,1
8760,0.063,9251,2,0
11468,0.235,27970,2,0
13997,0.48,16820,1,0
5000,0.211,5000,2,0
6354,0.039,13486,1,0
8380,0.252,6330,1,0
14066,0.182,26833,1,0
34517,0.115,14903,2,0
8830,0.323,5590,2,0
5000,0.133,7077,2,0
12102,0.46,6566,1,1
19158,0.244,43415,1,0
10446,0.36,20628,1,1
6289,0.319,6850,1,1
15978,0.049,26441,1,1
13791,0.135,26238,0,1
5925,0.193,11769,1,1
11976,0.153,14742,2,0
16295,0.28,37275,2,0
17871,0.214,42493,1,1
9573,0.156,7764,0,0
8274,0.31,19144,2,0
18281,0.154,34672,2,1
5404,0.408,12240,1,1
12323,0.466,15922,2,0
5000,0.205,8942,1,1
16859,0.292,15077,2,0
8699,0.306,17200,0,1
18662,0.259,30264,2,1
12653,0.269,17841,2,0
5368,0.106,9957,0,1
20177,0.067,31475,1,1
21496,0.779,43147,2,0
15384,0.251,33888,0,1
6762,0.214,14075,1,1
8492,0.229,8881,1,0
10643,0.264,26075,1,0
6961,0.092,12283,1,0
23067,0.232,24896,1,1
10637,0.141,5206,0,1
5000,0.068,12375,0,1
11727,0.42,19443,1,0
8315,0.449,7299,0,0
9533,0.312,13645,1,0
8231,0.229,10164,1,0
14816,0.089,35528,2,0
17323,0.511,24852,0,1
11401,0.054,16165,2,0
8352,0.179,17278,1,1
9694,0.484,11836,1,0
9994,0.221,8122,0,1
6626,0.121,13342,1,0
13219,0.412,30553,2,0
12456,0.725,6178,0,1
21380,0.28,47160,2,0
18539,0.452,24463,1,0
7024,0.271,7074,2,1
14915,0.404,7193,2,1
6151,0.28,5115,0,1
14016,0.728,15404,1,1
7644,0.023,5000,0,0
5933,0.35,5000,0,0
11384,0.029,22170,1,0
5000,0.214,9212,0,1
5000,0.245,10083,1,0
9056,0.281,6765,1,1
10313,0.131,5057,1,0
8228,0.421,11388,1,0
5000,0.118,5599,2,0
6575,0.165,13355,2,0
12035,0.146,18432,1,0
13238,0.448,31183,1,1
9817,0.117,5188,1,0
17648,0.745,20538,1,1
12072,0.183,15102,0,1
6810,0.219,5000,1,0
8601,0.338,13972,0,1
5000,0.32,5000,1,0
9376,0.534,17784,2,0
17258,0.447,8260,2,1
13941,0.127,31149,2,0
19950,0.297,10704,0,1
8506,0.323,11554,0,1
19400,0.048,14090,0,1
8985,0.2,6106,1,0
20656,0.113,39548,0,0
9789,0.302,19832,2,0
14095,0.054,27519,0,1
20693,0.105,25832,1,0
8984,0.287,22288,2,0
11039,0.141,12296,2,0
18853,0.066,17252,1,1
9260,0.337,23082,1,0
5113,0.365,12538,1,1
28897,0.251,47474,1,0
7825,0.191,6565,1,0
10714,0.267,9652,2,0
17641,0.07,26353,1,0
7300,0.404,14819,1,1
5979,0.465,5000,0,0
11235,0.194,20720,0,0
5000,0.406,5000,1,1
8570,0.072,18619,1,1
11187,0.812,16975,1,0
8647,0.231,21431,2,0
5000,0.17,9906,2,0
21962,0.235,31717,0,0
10422,0.539,7259,2,0
20243,0.496,31154,1,0
8690,0.269,5564,2,0
6374,0.165,14665,2,0
11322,0.11,9999,1,0
8884,0.44,19700,1,1
5492,0.44,5702,1,1
20638,0.334,17872,1,1
7250,0.327,7532,1,0
5000,0.15,9429,0,1
19227,0.232,28897,2,0
7691,0.469,5000,1,0
7303,0.323,5023,2,0
5000,0.378,5974,2,0
23634,0.308,26256,2,0
5194,0.354,11367,1,1
10190,0.577,16322,1,0
15620,0.14,12372,1,1
12220,0.301,5615,2,0
9606,0.375,5907,1,1
5000,0.279,9354,0,0
6602,0.094,14385,1,1
10871,0.199,22214,1,1
6676,0.354,13746,2,0
10956,0.293,10386,0,1
13917,0.065,34473,1,1
16014,0.189,9311,0,1
5361,0.178,11388,2,0
29682,0.222,17908,2,0
14526,0.139,13971,1,1
9888,0.145,14243,1,1
17064,0.285,8737,0,1
32296,0.586,39651,1,1
5000,0.247,5676,2,0
8842,0.421,15555,0,0
5000,0.26,9539,2,0
10897,0.151,6430,0,1
11881,0.308,5702,1,0
9705,0.231,19695,2,1
7134,0.325,10764,1,0
5000,0.128,7613,2,1
11929,0.343,29340,0,1
20490,0.433,27032,1,0
7364,0.355,5980,2,0
12332,0.213,22561,2,0
5000,0.242,10564,1,0
12439,0.065,18098,2,0
8129,0.214,15063,1,0
6760,0.225,9999,2,1
6767,0.402,8495,0,1
8129,0.171,5000,0,0
11982,0.42,9165,2,0
5135,0.291,7228,1,0
8114,0.311,10003,1,1
9694,0.67,21036,0,1
5712,0.424,5000,1,0
24302,0.307,12279,1,0
6459,0.034,5000,0,1
7081,0.152,12917,0,0
6068,0.155,10003,2,0
24324,0.205,42024,0,1
13048,0.316,9519,0,1
6196,0.099,9197,1,0
17207,0.373,34623,1,1
10941,0.154,20090,2,0
11255,0.218,14871,1,0
8331,0.197,5143,0,1
6804,0.191,15162,1,0
11718,0.251,17635,0,1
7536,0.593,17093,1,0
24547,0.381,32434,2,0
5246,0.268,5000,2,0
21334,0.256,22306,2,0
9361,0.054,11964,0,1
11493,0.258,19422,1,0
15011,0.145,30244,1,0
7221,0.19,6568,0,0
15246,0.663,12109,2,0
5000,0.485,5000,0,1
6905,0.345,16312,1,0
6235,0.125,5000,1,0
5288,0.068,5954,2,0
8888,0.166,12624,1,0
12002,0.081,18820,1,0
14063,0.387,30967,2,0
11163,0.415,7112,0,0
7095,0.601,5000,2,0
11902,0.342,12669,0,1
10531,0.137,13351,2,0
15804,0.184,18726,2,0
14595,0.349,17850,2,0
10049,0.435,21987,1,1
6319,0.377,13630,0,1
7140,0.331,14934,0,0
7518,0.056,14932,1,1
8453,0.364,5000,0,1
11316,0.525,8076,0,1
14151,0.31,27420,0,1
9647,0.125,15910,1,0
9977,0.217,18111,2,0
10632,0.04,20260,0,1
7646,0.209,17693,2,0
6231,0.09,10803,1,0
5000,0.106,5000,1,0
6991,0.168,5000,0,0
12538,0.114,16392,1,0
6964,0.177,13167,0,1
8787,0.317,8717,0,1
12496,0.45,8149,0,1
12840,0.221,32066,1,0
5768,0.464,7382,1,1
16293,0.278,13919,1,0
17390,0.342,12965,2,1
5625,0.259,12442,0,1
6555,0.191,13905,0,1
17953,0.425,30305,1,0
9196,0.206,14246,0,1
5000,0.481,11990,0,0
5000,0.128,5000,1,1
8736,0.617,11116,1,1
5532,0.163,5000,0,0
8048,0.118,10294,2,0
10058,0.254,12139,1,0
20560,0.212,49220,2,0
8559,0.527,9862,1,1
16920,0.146,36430,2,0
20219,0.327,40637,2,0
20275,0.48,14380,1,0
11411,0.155,27635,2,0
5000,0.063,8625,1,0
12461,0.056,20596,1,0
16717,0.282,7097,2,1
9503,0.317,17756,0,0
23677,0.51,12237,2,0
15213,0.231,12007,0,1
13149,0.122,7983,1,0
17037,0.078,20347,2,0
11692,0.229,24214,1,1
5000,0.625,9427,1,0
7711,0.207,5000,1,0
18008,0.093,37398,2,0
6609,0.313,9039,1,1
8850,0.346,5000,0,0
5869,0.379,5106,1,1
24148,0.208,49476,1,0
22942,0.054,44506,1,0
6361,0.38,5061,2,0
10653,0.26,5111,1,0
7042,0.293,7183,1,1
13459,0.507,27853,1,1
12769,0.267,30272,1,1
14851,0.237,23807,1,0
11683,0.348,6908,1,0
40000,0.23,58175,1,0
5919,0.382,14784,1,1
5000,0.288,11856,0,1
8131,0.235,20211,2,0
5000,0.405,9343,1,0
5000,0.367,6473,1,0
5998,0.274,13651,0,1
6241,0.15,14228,1,1
6140,0.39,5000,1,0
12824,0.114,26011,0,1
7684,0.065,17908,2,0
9047,0.235,20690,2,0
15477,0.509,29164,1,0
6746,0.481,10312,0,1
8670,0.46,17612,2,0
11883,0.199,17633,0,0
5000,0.215,5372,0,0
5000,0.434,5000,1,0
11767,0.166,18066,1,0
12657,0.204,17182,1,1
27781,0.043,41711,1,0
10711,0.38,10148,1,0
14911,0.13,24457,0,1
8975,0.206,16069,2,0
11482,0.494,24049,0,1
22779,0.483,37335,2,0
5000,0.136,9938,2,0
12170,0.255,9197,1,0
28790,0.025,18835,2,0
11395,0.044,8857,0,0
22590,0.271,49183,0,1
7225,0.265,11329,0,1
9739,0.339,13208,1,0
10064,0.347,20134,0,1
5000,0.062,5000,1,1
5518,0.341,5000,1,0
5719,0.191,6022,2,1
14928,0.254,13774,1,0
15307,0.43,16002,1,1
11637,0.224,28448,2,1
14943,0.274,23794,2,1
9117,0.455,14926,2,0
18051,0.124,32075,2,0
9940,0.384,12279,1,0
10187,0.507,25019,1,1
8666,0.092,21179,1,1
13935,0.23,28086,1,1
8017,0.262,6771,0,1
16126,0.325,36258,2,0
5619,0.372,5000,2,0
5713,0.216,9842,0,0
13956,0.248,18983,0,0
9468,0.259,5000,0,0
7887,0.059,18127,2,0
15444,0.53,37350,0,1
7305,0.304,16842,1,0
8954,0.116,7200,0,1
19922,0.032,21900,1,1
21366,0.417,51429,1,1
21724,0.39,13545,1,1
8595,0.337,13966,1,0
18312,0.268,25996,2,0
6158,0.182,5000,1,1
6288,0.115,14224,2,0
5000,0.233,5000,2,0
22843,0.091,37570,0,0
6425,0.197,6863,1,0
9290,0.553,11870,1,0
6278,0.141,5297,0,1
14010,0.167,23983,1,0
8202,0.269,20310,1,0
5154,0.13,11084,0,1
12342,0.357,22645,1,0
5000,0.196,9942,0,1
6511,0.611,14080,1,1
5000,0.719,6961,2,0
5000,0.316,7953,0,1
10821,0.309,24677,1,1
5000,0.446,9307,1,0
5000,0.549,5000,0,1
9885,0.099,20136,1,1
7541,0.238,5000,1,0
26796,0.369,58410,1,1
24759,0.121,50890,1,1
6412,0.326,13752,2,1
13076,0.318,5878,0,1
14395,0.421,35154,0,0
7341,0.311,12404,1,0
5000,0.251,10400,2,0
9836,0.234,15637,1,0
9077,0.08,10107,1,1
7959,0.06,8133,1,0
12346,0.137,6752,1,0
6799,0.423,10466,1,0
5563,0.038,5000,2,0
10451,0.044,16637,0,1
12003,0.23,20554,1,0
5495,0.517,7300,2,1
15741,0.085,11464,2,0
5000,0.03,6543,2,0
7412,0.303,16642,1,0
8699,0.108,11847,1,0
7200,0.14,8062,1,1
7461,0.161,12851,2,0
25223,0.543,42870,0,1
6467,0.048,5000,0,0
33543,0.524,30076,2,1
12314,0.223,17711,0,1
10363,0.174,12117,0,0
12558,0.41,13461,2,0
35065,0.269,46847,1,0
6022,0.253,6080,1,0
5652,0.232,6385,2,0
6785,0.466,13738,1,0
10057,0.486,14799,1,0
5000,0.29,11164,1,0
10008,0.197,23939,2,0
23081,0.393,53926,0,0
10675,0.127,9958,1,0
8549,0.363,11910,1,0
7265,0.356,11070,1,0
15510,0.257,33961,1,1
6549,0.404,10307,1,0
24914,0.281,23187,2,0
26021,0.164,40329,0,0
11252,0.21,5547,0,0
9840,0.276,21173,0,1
16569,0.249,26322,1,0
17109,0.339,30260,0,0
6614,0.154,5436,1,0
7606,0.373,11957,2,1
5109,0.677,7737,0,1
12143,0.159,20658,1,0
13812,0.43,30105,1,0
5039,0.138,10106,1,0
7882,0.175,12205,2,0
5046,0.252,11485,0,0
6314,0.252,7278,2,0
13036,0.082,18698,2,0
6858,0.439,12097,1,1
8515,0.125,11287,2,0
5000,0.337,5794,1,1
10867,0.075,6911,1,0
9680,0.12,16799,1,0
6874,0.079,5530,0,0
9004,0.185,6216,0,1
10830,0.114,8475,1,0
6585,0.292,12154,2,0
5000,0.283,5000,0,1
24410,0.165,59809,2,0
7211,0.18,14371,2,0
9429,0.5,11548,1,1
16406,0.233,27003,1,1
40000,0.229,16640,1,0
5312,0.247,11546,2,0
12393,0.219,12015,0,1
6948,0.136,5000,1,0
7559,0.392,15059,0,1
6904,0.481,7540,2,0
5637,0.085,8973,0,0
9694,0.271,21061,2,1
5000,0.491,10147,1,1
15889,0.789,17595,2,0
10173,0.464,22627,2,0
12224,0.274,14872,1,1
7839,0.329,11367,0,1
8237,0.491,13889,1,0
11427,0.027,6274,2,0
5530,0.193,9147,2,1
8275,0.073,13344,2,0
6439,0.402,14387,1,1
6340,0.108,7245,1,1
5000,0.477,5000,1,1
19334,0.146,27081,0,1
7021,0.456,12943,1,0
17706,0.434,27975,1,1
16888,0.324,11657,2,0
5203,0.627,5882,2,0
5743,0.073,5000,0,0
35605,0.521,69522,1,1
23752,0.176,53543,2,1
9742,0.27,5000,1,0
11256,0.264,16922,0,0
7219,0.279,11469,0,1
12285,0.203,16235,1,0
6914,0.213,10066,1,0
5000,0.12,9458,0,0
5111,0.071,7236,1,0
10002,0.346,23317,0,1
5622,0.531,8634,1,0
9569,0.227,5270,1,0
5782,0.062,13890,1,0
6693,0.21,5000,2,0
15162,0.275,31043,0,1
11200,0.082,16874,1,0
9849,0.329,19264,1,0
15359,0.232,22704,2,0
12585,0.152,6592,1,0
20399,0.036,24221,2,0
7864,0.298,13396,2,0
7983,0.309,13737,2,0
5163,0.217,12617,2,0
7986,0.393,13363,2,0
16032,0.442,16057,2,0
18958,0.147,9312,1,0
15996,0.104,32884,1,1
5000,0.394,11337,2,1
17010,0.19,28724,0,1
5000,0.253,7064,2,0
15507,0.588,34240,1,1
8234,0.379,7450,0,1
14062,0.116,17400,2,0
5083,0.129,7452,1,1
17775,0.302,8953,2,0
5000,0.347,9230,0,1
7085,0.122,5639,2,0
6008,0.379,6607,1,0
5000,0.381,6352,0,1
10376,0.39,18063,0,1
24417,0.633,13124,1,1
37550,0.35,41899,2,1
10389,0.073,10142,1,0
17297,0.129,6974,1,0
11114,0.225,20590,2,1
12701,0.131,11373,2,0
8340,0.309,6251,2,1
10911,0.102,22648,2,0
12948,0.164,6245,0,1
7411,0.072,16975,1,0
9520,0.487,17542,2,1
9612,0.222,7311,1,0
14960,0.525,16983,1,0
5807,0.314,13909,1,0
9645,0.223,16392,1,0
25745,0.327,43208,2,0
17712,0.109,31376,0,1
19430,0.153,26653,1,0
10018,0.481,7527,1,0
11620,0.414,8330,2,0
16335,0.177,30112,1,1
21593,0.139,48719,1,0
5000,0.551,5152,1,0
5127,0.136,7470,2,0
19048,0.354,47309,0,1
8617,0.337,8100,0,1
7073,0.11,8626,1,1
5286,0.227,6150,0,1
7498,0.289,5000,2,0
5000,0.349,7349,1,0
28156,0.075,23601,1,0
9786,0.16,6557,0,1
9614,0.362,18189,2,0
13280,0.461,26668,2,0
16013,0.363,36296,1,1
15882,0.032,37508,0,1
16929,0.394,37668,1,1
7219,0.194,5000,1,1
8527,0.059,7415,1,0
14537,0.324,9554,1,0
7603,0.477,8685,0,1
9871,0.505,6520,1,0
12080,0.327,21405,0,1
14655,0.292,27920,2,0
5000,0.228,5000,2,0
14148,0.515,24127,2,1
8805,0.466,5000,0,1
14097,0.294,18497,1,0
14595,0.017,14583,2,0
22113,0.474,55214,0,0
19471,0.061,45522,2,1
19404,0.201,13775,1,0
20370,0.25,47391,2,1
11449,0.045,14648,0,1
10057,0.209,16202,1,1
15312,0.118,23288,2,0
14271,0.238,27472,2,0
8480,0.391,9356,1,0
12117,0.376,6620,0,1
9724,0.151,12418,2,0
6457,0.451,9967,0,1
18868,0.473,29534,2,0
10174,0.344,21003,1,0
27566,0.274,13586,2,0
5000,0.182,12374,1,0
7492,0.111,18581,2,0
10059,0.477,6115,1,1
17477,0.205,19617,2,0
12085,0.68,19815,0,1
11559,0.153,13685,1,0
5632,0.647,8021,2,0
5549,0.365,6018,0,1
11628,0.213,22042,2,1
5003,0.33,5826,1,0
7586,0.284,9882,1,0
12713,0.213,20461,1,1
6056,0.115,14748,1,1
22085,0.048,38600,0,1
18250,0.443,11015,0,1
5000,0.416,5348,1,0
6209,0.209,7956,1,0
5000,0.208,9771,1,1
6692,0.487,8957,2,0
14518,0.432,25903,1,1
8046,0.092,17405,1,1
12461,0.43,7715,1,0
5000,0.391,10040,0,1
14749,0.304,28994,2,0
7498,0.095,15907,0,1
9957,0.068,23975,1,0
9448,0.312,9921,0,0
5240,0.277,6817,1,1
5560,0.135,5291,1,0
16056,0.611,17452,0,1
12082,0.483,13201,0,1
16731,0.098,37252,0,1
11641,0.079,6194,1,0
10630,0.27,8777,2,0
5000,0.379,8410,0,1
8645,0.415,17351,0,1
9762,0.383,18202,1,0
26279,0.306,13082,2,1
13953,0.507,18878,1,0
21333,0.631,16797,2,1
13343,0.326,33025,1,0
6935,0.424,17321,0,1
10494,0.064,5319,2,0
11137,0.714,20073,0,1
6188,0.402,13041,2,0
8166,0.109,8836,2,0
8929,0.289,16578,1,1
22088,0.241,17540,0,1
5000,0.516,5000,1,0
18086,0.436,42378,2,0
6195,0.06,10838,2,0
5000,0.462,10577,1,0
17853,0.36,27114,1,0
14270,0.24,10345,1,0
18532,0.442,22071,2,0
14769,0.379,33254,2,0
27720,0.213,11996,0,0
13086,0.336,10928,1,0
9152,0.459,8529,2,1
11748,0.18,11187,2,0
18429,0.171,11187,0,0
6703,0.23,14621,0,0
7144,0.192,5250,1,1
8480,0.333,18167,2,0
5000,0.313,5728,1,0
10604,0.171,14426,0,1
5000,0.086,6859,2,0
10163,0.302,19285,2,0
15254,0.291,29529,0,1
7797,0.487,13610,0,0
22892,0.057,46355,2,0
5000,0.237,5000,1,1
17955,0.045,26216,2,0
13871,0.05,20813,1,0
5000,0.367,5000,1,1
38384,0.307,60200,2,0
9586,0.163,13239,2,0
6382,0.198,8880,1,0
5000,0.226,5000,2,0
8866,0.066,11650,2,0
9286,0.175,18660,1,1
10418,0.16,13137,2,0
8527,0.462,12141,0,0
13583,0.35,33032,0,1
8153,0.346,18188,0,1
5000,0.178,11751,1,0
9184,0.221,5172,1,1
5000,0.186,8495,2,0
11812,0.059,10266,2,0
6065,0.166,7575,0,1
10739,0.5,19626,1,1
19092,0.29,30847,1,0
6158,0.162,9004,1,1
16825,0.357,35506,1,0
7968,0.582,14610,1,1
23779,0.451,50513,1,1
8245,0.174,19435,2,0
6501,0.215,12320,2,0
13955,0.353,17169,1,0
7959,0.448,6740,0,1
6498,0.193,6296,2,0
7793,0.064,9609,1,0
9678,0.249,18914,2,1
19362,0.27,9377,0,0
5000,0.111,10549,2,0
10012,0.433,19944,1,0
13527,0.169,19597,1,0
10902,0.275,13511,0,0
19052,0.283,12129,2,0
9535,0.185,9615,0,1
9024,0.527,5687,0,1
13308,0.39,28209,1,0
10400,0.124,15285,0,0
8142,0.217,7476,0,1
12811,0.153,5611,2,0
7141,0.148,10714,2,0
7291,0.316,14431,0,0
7600,0.341,15274,2,1
19468,0.271,16553,1,1
5000,0.371,12448,2,0
12061,0.26,19231,0,0
10068,0.351,11046,0,1
5000,0.202,6124,2,0
11554,0.421,7641,1,0
12555,0.298,18029,1,1
13290,0.265,26341,1,0
5000,0.33,6298,2,1
19598,0.134,43515,0,1
6844,0.202,9589,1,1
13950,0.165,31964,1,0
14336,0.12,26904,1,0
6384,0.584,5000,1,0
13769,0.292,7445,2,0
8162,0.602,16978,1,0
5000,0.145,5746,1,0
17745,0.309,14150,1,0
6717,0.193,14893,2,1
6455,0.134,15913,1,1
8090,0.232,16977,1,0
11340,0.28,21804,1,0
9617,0.727,5000,2,0
13017,0.295,8103,1,1
5065,0.537,9163,0,1
6828,0.425,8604,2,0
9339,0.054,5000,2,0
25564,0.407,49998,1,1
9349,0.416,11961,1,0
17027,0.648,30369,0,1
10089,0.561,13959,2,0
7771,0.255,5000,0,1
8748,0.2,15182,1,1
9097,0.276,18695,2,0
13384,0.393,9737,1,0
19678,0.157,44696,1,0
11847,0.507,9255,2,1
17917,0.604,23077,2,0
6109,0.093,9207,0,1
8044,0.179,8519,0,1
6890,0.063,9997,1,0
11582,0.167,22105,1,0
8271,0.352,15718,1,0
14255,0.202,33311,1,0
6213,0.298,13734,1,0
10112,0.039,24964,1,0
13952,0.15,23026,0,0
5000,0.083,6205,0,1
28590,0.085,25851,1,1
8590,0.341,7837,1,0
5000,0.288,5000,1,0
10711,0.412,20629,1,1
10064,0.368,17852,1,0
9500,0.409,9631,2,0
16245,0.147,36934,0,1
14381,0.407,22432,1,0
11486,0.19,6259,1,0
12395,0.462,6557,2,0
9393,0.461,6582,1,0
24046,0.185,20286,1,0
5000,0.389,11318,0,1
10612,0.38,21594,0,0
10224,0.089,8420,1,1
14863,0.124,13701,1,0
6490,0.118,11275,1,0
5000,0.318,11150,2,0
10704,0.146,11401,2,0
11391,0.069,17127,0,1
20843,0.295,47310,0,1
5243,0.378,10583,2,0
17629,0.128,40057,1,1
32328,0.348,31809,2,0
8193,0.306,15166,2,0
5190,0.393,5000,0,1
8074,0.525,13679,1,1
9966,0.071,10349,0,0
13120,0.263,24575,1,0
7363,0.188,5139,2,0
21538,0.02,38720,1,0
5668,0.668,10702,0,1
5000,0.118,11000,0,0
17211,0.224,31719,0,0
5000,0.135,7490,1,1
8936,0.171,18291,1,1
40000,0.482,39892,1,0
9837,0.233,17930,2,0
5651,0.487,10858,1,1
9617,0.294,11774,1,0
9648,0.107,23898,0,0
10724,0.488,12309,2,0
13782,0.711,7958,0,1
5886,0.39,6106,0,1
23012,0.54,14010,0,1
11187,0.104,12446,1,1
14234,0.159,9515,2,0
7229,0.197,9564,1,0
18829,0.045,38294,1,1
8703,0.098,5000,2,0
11370,0.565,17994,2,0
6207,0.436,5000,0,0
6012,0.413,13573,1,1
13962,0.487,32600,2,0
7928,0.204,11368,2,1
6458,0.074,13015,2,0
7175,0.06,11804,1,0
14037,0.257,15657,0,1
7226,0.283,6610,1,1
9331,0.264,18598,0,0
9971,0.093,12992,0,1
5000,0.21,11662,1,0
5000,0.26,12244,1,1
11709,0.173,9857,0,0
6846,0.071,10805,0,0
16787,0.238,25643,0,0
16049,0.18,35677,0,1
14179,0.198,26248,2,1
24584,0.177,41191,2,1
9494,0.18,17336,1,0
13690,0.411,16672,2,1
7389,0.686,17857,1,0
33731,0.376,17574,2,0
26683,0.358,12305,0,0
9956,0.238,12671,0,1
12007,0.576,8700,0,0
19528,0.142,30154,0,0
9195,0.149,5000,0,0
7127,0.482,9731,2,0
15321,0.459,15617,0,1
10293,0.557,8491,1,1
10845,0.299,14465,2,0
6521,0.132,14311,1,0
5000,0.197,8881,0,1
11137,0.085,8195,0,1
15560,0.465,22525,2,0
8840,0.246,20832,1,0
20296,0.361,26839,2,0
6960,0.435,9662,1,1
5840,0.343,13883,0,1
9569,0.124,6557,1,0
9496,0.197,18457,0,0
14544,0.047,14955,2,0
6717,0.063,14902,1,0
19614,0.237,10085,2,0
26461,0.321,65621,1,1
9705,0.542,19547,1,1
18487,0.312,18433,1,0
5835,0.366,11658,2,1
16943,0.074,39616,0,1
16707,0.444,10645,1,0
15240,0.225,35335,1,0
9820,0.318,11355,1,0
5000,0.482,5000,1,1
7180,0.301,5000,1,1
7237,0.231,16342,0,1
6068,0.393,14950,2,0
10520,0.393,23990,2,0
8026,0.117,10653,1,0
6553,0.276,15851,2,0
5828,0.285,7311,1,1
6920,0.424,5000,2,1
17339,0.251,19350,1,0
7111,0.186,17755,0,1
7650,0.251,13116,2,0
7876,0.127,8774,2,0
11725,0.044,20059,1,0
12433,0.295,16177,2,0
5000,0.226,5000,0,0
16495,0.278,13565,2,1
20296,0.344,8938,1,1
5854,0.328,5474,1,0
6086,0.47,11887,2,1
7902,0.246,6368,0,1
6781,0.521,10233,0,0
11069,0.404,20737,1,1
5000,0.223,7761,2,0
5659,0.364,5000,0,0
21366,0.172,24850,1,0
6222,0.372,8259,2,0
18429,0.2,20637,2,0
11821,0.353,18289,1,0
5000,0.468,7388,2,1
13597,0.377,10791,1,0
9331,0.331,18468,2,0
7881,0.396,5820,1,1
11186,0.34,15256,2,0
12548,0.587,24948,1,0
14098,0.376,26282,0,1
17838,0.422,23325,0,1
12137,0.295,24963,1,1
5000,0.177,9494,1,0
7810,0.266,9430,1,0
40000,0.089,91223,2,1
14217,0.409,9925,2,0
32358,0.486,37303,1,0
19884,0.672,37093,1,0
11169,0.389,24943,2,0
11506,0.347,12397,1,0
9717,0.36,15340,2,0
5000,0.43,5000,2,0
9986,0.467,11772,2,0
18130,0.14,19851,0,1
7333,0.214,15907,1,0
12160,0.095,6753,2,0
15150,0.141,8036,0,1
6280,0.288,8350,2,0
7897,0.446,9915,1,0
5949,0.498,5000,2,1
6561,0.075,6252,1,0
5198,0.161,12715,1,0
6309,0.381,9323,2,1
20125,0.189,11763,2,0
6262,0.111,5000,1,0
10543,0.22,5145,1,1
7696,0.098,9366,1,0
17844,0.114,39574,2,0
19064,0.196,40971,1,0
15245,0.251,17876,2,0
11534,0.302,23371,2,0
8817,0.093,17455,1,1
5453,0.324,7713,1,0
26154,0.159,32672,2,0
6769,0.205,5274,1,0
13791,0.101,13590,1,0
16810,0.695,18681,0,1
7497,0.706,15795,0,0
16630,0.135,25963,2,0
14502,0.3,11920,0,1
23481,0.23,14118,0,0
7826,0.152,11294,1,0
5203,0.27,9362,2,0
7686,0.037,16293,1,0
10986,0.055,22790,1,0
10189,0.232,21710,1,1
8129,0.03,10897,0,1
5000,0.25,11089,1,1
12521,0.123,16700,2,0
26533,0.253,19981,2,0
12483,0.237,15410,0,1
13420,0.489,14951,1,1
13176,0.254,16122,1,1
12070,0.381,21522,2,0
15769,0.086,28062,0,1
12060,0.299,10520,0,1
8464,0.266,9001,2,0
6647,0.269,10970,2,1
8738,0.264,5039,1,1
11580,0.495,21379,0,1
8450,0.344,6554,2,0
11581,0.313,25323,1,0
12327,0.212,15327,0,0
15011,0.367,12965,2,1
18795,0.483,33878,1,1
10290,0.32,16089,0,1
5146,0.218,5000,2,0
8328,0.347,17798,1,0
10117,0.227,13678,1,0
5000,0.417,5000,2,0
19817,0.253,41061,1,1
10627,0.144,7228,0,1
11976,0.655,29136,2,0
19589,0.51,26011,1,0
7222,0.452,13933,2,0
13187,0.274,17791,0,0
9368,0.251,7437,1,0
9026,0.472,17981,2,0
6727,0.103,6778,2,0
22760,0.323,41722,2,0
8202,0.239,7714,1,0
14040,0.186,12725,0,0
5000,0.166,6803,1,1
17854,0.557,37745,0,1
16749,0.432,28283,1,1
10391,0.166,5567,2,0
8835,0.077,17150,1,1
12088,0.054,19553,1,0
31082,0.354,53134,1,0
5000,0.74,5712,1,1
14632,0.3,22943,2,1
6274,0.101,7409,2,0
9799,0.355,5596,1,1
8743,0.211,19002,2,0
7989,0.22,14571,2,0
9845,0.353,17799,2,0
5613,0.077,5000,2,0
16557,0.583,29696,0,1
5000,0.315,5000,1,0
12963,0.324,23902,1,1
8406,0.17,9250,1,0
5511,0.077,5000,1,1
10951,0.273,25221,2,0
5000,0.2,5000,2,0
10095,0.438,20188,2,0
5000,0.1,5000,1,1
12464,0.521,22908,2,0
6234,0.047,5000,2,0
7899,0.332,11600,0,0
11464,0.111,9111,0,1
6725,0.07,14930,0,1
9614,0.297,11951,1,1
5000,0.239,5000,1,0
13567,0.756,23324,1,1
23919,0.229,31927,2,0
39978,0.366,88171,0,1
10358,0.154,13565,2,1
14677,0.315,18544,0,0
5000,0.259,6767,2,0
20980,0.059,46277,2,0
14590,0.432,23816,1,0
7770,0.508,14030,1,0
18372,0.273,35143,0,0
8714,0.665,20643,2,0
7871,0.283,16992,0,1
12552,0.248,29464,1,0
5815,0.229,6519,1,0
16494,0.167,14039,1,1
5837,0.361,5000,1,1
5854,0.315,12888,1,0
6280,0.528,13466,2,0
14468,0.047,25549,2,1
7270,0.411,5000,1,1
5044,0.118,5386,2,0
7311,0.297,14197,1,0
9739,0.243,8980,1,0
5483,0.033,9379,1,0
5564,0.094,8567,1,1
28442,0.61,27066,2,0
6436,0.24,15203,1,0
8420,0.401,7908,2,0
8236,0.302,18772,2,0
8017,0.209,12313,1,1
13503,0.085,8005,0,1
15899,0.694,34194,2,1
8493,0.389,17513,0,0
5333,0.417,11440,0,1
18717,0.158,32570,1,0
9436,0.384,17876,1,0
23509,0.045,54185,0,1
5000,0.053,5000,0,0
10912,0.281,6268,2,1
25830,0.14,17116,2,0
8294,0.166,18473,0,1
8841,0.176,13989,1,0
11473,0.174,8831,0,0
7484,0.105,5221,1,0
8467,0.644,11307,1,1
8358,0.212,17662,0,0
7232,0.19,15121,2,1
18295,0.121,40024,2,0
12463,0.275,25110,1,0
11218,0.677,5939,0,1
14828,0.266,28356,1,1
8671,0.543,12919,2,0
6720,0.304,12939,1,0
7322,0.196,10375,0,0
9905,0.026,14021,1,0
5827,0.239,5000,1,0
7706,0.268,17733,0,0
7646,0.132,9073,2,0
28631,0.23,46469,1,1
5000,0.129,5000,0,1
9047,0.182,10627,0,0
23455,0.147,52263,2,0
10518,0.253,8837,2,0
14424,0.122,12013,1,0
10403,0.529,9852,1,0
7089,0.298,11390,1,1
5000,0.107,7467,2,0
10967,0.148,8425,0,0
6715,0.178,12445,0,1
6633,0.4,15294,0,1
7711,0.385,6304,2,0
23681,0.117,42938,2,0
32939,0.593,53737,1,0
11032,0.227,12033,1,0
7844,0.218,13316,0,1
5493,0.203,5000,1,0
12509,0.219,26912,1,0
24135,0.249,10780,1,0
8745,0.148,13913,0,1
5000,0.182,5347,2,0
13835,0.151,31142,2,1
16198,0.144,23466,0,0
5000,0.219,10426,2,0
10810,0.182,25296,2,0
12401,0.439,13668,1,0
9541,0.335,21457,2,0
6664,0.288,12831,0,1
16448,0.348,10315,1,0
8089,0.477,5001,1,0
5000,0.381,10582,2,0
5000,0.372,6917,1,0
18590,0.071,26767,1,0
13471,0.167,30602,2,0
10342,0.281,23766,2,1
7941,0.394,5056,0,1
7596,0.356,8999,1,0
5779,0.179,13177,0,1
7976,0.089,16923,1,1
5000,0.282,9570,1,1
6849,0.103,5000,0,1
8472,0.256,14440,0,1
13425,0.207,21775,2,0
9701,0.099,7286,1,0
14727,0.411,29824,2,0
19429,0.45,20501,1,0
16799,0.251,28614,2,1
12522,0.182,14523,1,0
9956,0.45,5746,1,0
6060,0.32,9103,1,1
14328,0.156,14957,2,0
22922,0.4,12601,1,0
11743,0.172,9592,1,1
25812,0.718,43871,1,1
5000,0.271,5000,1,1
5557,0.404,5000,1,1
15177,0.616,36160,2,1
11295,0.255,7068,0,1
19089,0.054,22711,1,0
9820,0.125,6679,2,0
6412,0.33,15213,0,1
8894,0.304,12545,0,1
5000,0.103,5000,1,0
5629,0.365,11339,0,1
16094,0.366,32826,1,1
15312,0.213,35103,1,1
11866,0.693,22331,2,1
5000,0.175,5000,0,1
8273,0.312,12870,1,1
5364,0.125,6471,2,0
17823,0.135,35148,2,0
7391,0.147,12129,0,1
5750,0.342,11058,0,0
10045,0.191,7824,2,0
7186,0.22,9470,0,1
20782,0.354,27171,1,0
6854,0.108,16861,0,0
5000,0.196,5000,1,0
5000,0.408,10568,0,1
9745,0.612,5885,2,0
7472,0.417,5000,1,0
5000,0.244,5445,0,1
17936,0.373,33570,0,1
13816,0.353,25211,1,1
9758,0.381,16770,0,0
19578,0.261,39675,0,0
13784,0.143,12240,1,0
6558,0.298,11353,0,1
5886,0.725,10241,1,1
14898,0.4,26430,2,0
12066,0.267,19889,0,0
10773,0.472,9321,0,0
6481,0.066,15037,1,1
13412,0.226,32856,0,1
6783,0.393,12531,2,0
9405,0.465,12532,0,1
20403,0.174,31178,0,1
7112,0.098,5000,1,1
5000,0.364,5815,1,0
5847,0.238,14325,1,1
16271,0.397,25223,2,1
11241,0.301,17731,1,0
9279,0.355,22301,1,0
7672,0.308,17351,1,1
12615,0.35,20112,1,1
6473,0.074,6246,1,1
11531,0.155,7444,1,1
6866,0.313,15199,1,1
6318,0.148,14734,1,1
7195,0.534,10347,2,0
8203,0.297,5000,1,0
9658,0.501,16159,2,0
11133,0.094,13044,1,0
5000,0.586,5000,2,0
6608,0.159,15400,0,1
8137,0.051,7346,1,1
21005,0.118,39772,2,0
5767,0.629,7507,2,0
10736,0.246,22961,1,1
20900,0.289,39120,1,0
5133,0.228,5000,0,1
12052,0.302,16200,2,0
6626,0.485,6265,0,1
7690,0.306,14599,1,0
6623,0.517,10226,2,0
6864,0.332,7649,2,0
38598,0.187,42143,1,0
15096,0.296,9668,0,0
17169,0.106,14577,1,0
12657,0.197,24027,1,1
5000,0.284,8403,2,0
12057,0.26,13827,0,1
16923,0.287,36484,0,1
6459,0.477,9154,1,1
16037,0.181,33169,1,0
14075,0.378,28720,2,1
24984,0.279,54486,0,1
8031,0.533,17544,1,1
5716,0.105,10439,2,0
8260,0.574,16303,2,0
20288,0.178,41215,0,0
5000,0.133,5000,1,0
5000,0.506,5152,2,0
10349,0.287,6405,0,1
7932,0.465,6327,2,0
9935,0.136,20212,0,1
15877,0.103,37930,0,1
7507,0.194,13624,2,0
5000,0.074,11303,2,0
27508,0.193,29371,0,1
6011,0.482,13081,0,1
5828,0.32,6477,2,0
17186,0.252,39145,1,1
8166,0.212,16952,0,1
9588,0.166,23640,1,1
12599,0.282,26928,2,0
17013,0.149,21033,2,0
8377,0.324,5287,0,1
21162,0.398,47318,0,1
5000,0.06,7997,1,1
14470,0.43,31866,2,0
6504,0.192,7889,1,0
19655,0.056,9057,1,0
10625,0.291,5419,0,1
7069,0.399,12782,1,0
13786,0.147,8828,0,1
15469,0.046,30403,0,0
13642,0.095,17473,2,0
5914,0.105,9359,1,1
7769,0.149,16180,2,0
9876,0.593,9199,1,0
9695,0.403,12284,2,0
14398,0.303,27818,0,1
5000,0.185,11643,0,1
11697,0.277,11810,0,0
8561,0.44,14620,2,0
6507,0.489,15602,1,1
6827,0.252,12034,2,1
8890,0.184,20224,1,0
5000,0.295,11867,1,0
6969,0.306,16390,1,1
6387,0.136,12728,1,0
12918,0.245,20144,0,1
6615,0.287,5000,1,0
8887,0.398,7711,0,0
21399,0.569,20054,2,0
16271,0.498,7645,2,0
15539,0.43,9541,1,1
7708,0.104,7854,1,0
12984,0.353,7668,1,0
8804,0.67,6656,1,1
8972,0.148,5000,2,0
12147,0.263,15484,0,1
7343,0.472,15602,1,0
20879,0.152,43965,2,0
9135,0.488,21014,1,0
13482,0.237,26504,0,1
20492,0.332,18716,0,1
16577,0.291,31083,1,1
5000,0.369,9915,2,0
12362,0.16,19045,2,0
15144,0.138,31722,2,1
15458,0.306,8497,2,0
5672,0.243,9353,1,1
7125,0.256,10031,0,0
16273,0.183,34026,1,0
6762,0.352,5000,1,1
8519,0.043,7212,1,0
21762,0.436,34237,0,1
9663,0.445,23087,1,0
6881,0.294,5000,0,1
6381,0.256,12515,2,0
11688,0.476,9717,0,0
5081,0.556,5000,2,1
8745,0.46,10748,2,1
11691,0.292,18991,2,0
18950,0.254,40491,2,0
13818,0.58,23945,1,1
6925,0.081,9920,0,0
17840,0.222,17838,1,0
8520,0.212,8642,2,0
5335,0.256,10768,0,0
9081,0.152,5807,1,1
20314,0.625,14374,1,0
10749,0.422,20547,1,0
9959,0.584,24083,0,1
22440,0.165,14641,2,0
5000,0.248,8398,2,0
5204,0.097,5000,2,0
5000,0.15,5000,1,0
11924,0.435,25610,2,1
10756,0.155,15790,1,0
21404,0.034,9635,0,1
11178,0.12,25491,2,1
8086,0.332,12331,2,0
9906,0.325,19295,2,0
10497,0.334,13534,0,1
5000,0.289,5000,0,1
38375,0.127,52869,0,1
12835,0.057,12887,2,0
10992,0.517,11247,1,1
13461,0.407,23586,0,0
14110,0.201,8432,0,1
9225,0.73,11381,1,0
7218,0.527,11173,1,0
13356,0.038,25252,2,0
12002,0.206,20753,1,0
6601,0.552,14926,2,0
20120,0.134,49980,1,1
11460,0.185,27145,2,0
14255,0.056,28578,0,1
19850,0.266,36536,2,1
10006,0.064,5000,0,1
11596,0.031,17631,1,0
14838,0.039,26618,1,0
6888,0.124,8728,0,1
10168,0.215,12283,1,0
10538,0.268,16221,2,0
6136,0.089,14137,0,1
31533,0.455,29892,0,1
5000,0.337,6190,1,0
5171,0.074,9161,1,1
19093,0.418,15095,1,0
14138,0.33,30443,1,1
5925,0.137,10658,0,0
13408,0.249,15282,0,0
20618,0.234,39515,0,1
9748,0.481,9618,2,0
36294,0.222,73545,0,0
5000,0.41,5000,1,0
14001,0.298,18148,2,0
17734,0.298,16837,2,0
15454,0.634,32687,0,1
8935,0.094,17699,1,1
8559,0.105,18555,1,0
12358,0.248,21852,0,0
14881,0.067,30807,2,0
13376,0.185,17676,2,0
16647,0.575,30364,1,0
5946,0.428,5000,1,0
8831,0.493,19867,1,0
6185,0.186,11369,2,0
8159,0.143,18104,2,0
16442,0.321,33193,0,1
10446,0.345,10460,2,0
36440,0.332,35458,2,0
10902,0.196,22667,0,0
10196,0.099,8034,0,0
10436,0.314,6600,1,1
7194,0.316,5000,1,0
9615,0.449,9871,2,0
17394,0.389,10583,1,1
10477,0.092,21830,1,1
6655,0.192,9435,1,0
6232,0.248,5797,1,1
7902,0.423,13152,1,0
10269,0.248,5625,1,0
17976,0.115,34601,0,1
5063,0.399,7356,2,0
8434,0.196,5000,0,1
10637,0.424,11386,0,1
5000,0.405,9877,1,0
6523,0.293,5186,1,0
7044,0.174,17048,1,0
6647,0.384,15176,1,1
10893,0.116,22161,1,1
9133,0.518,5160,1,0
7497,0.369,8570,0,1
12258,0.608,12579,2,1
23424,0.243,16139,1,1
22463,0.231,56139,1,0
5000,0.318,5000,2,0
13207,0.534,14028,2,1
9054,0.326,20356,1,1
10695,0.319,7521,1,0
8110,0.166,11240,1,1
10496,0.302,25705,0,1
10675,0.351,9814,2,1
7409,0.43,13903,1,1
6322,0.349,5000,0,1
7908,0.38,13142,2,1
11126,0.436,12373,1,1
13353,0.065,24957,2,1
15163,0.379,19850,1,1
7730,0.26,7945,1,0
11406,0.219,17641,1,0
16014,0.446,11103,1,0
17726,0.49,37407,0,1
9610,0.275,18994,2,0
8862,0.301,13686,0,1
10889,0.103,12749,1,0
5569,0.196,12933,0,1
8983,0.35,15563,2,0
14361,0.106,14333,1,0
13642,0.287,28569,2,0
8646,0.382,14988,1,1
11035,0.381,7357,2,1
6552,0.177,5000,1,0
14069,0.529,33344,1,0
9519,0.243,9563,1,1
8621,0.063,15461,0,1
8259,0.239,5000,1,1
9590,0.509,15044,2,1
7911,0.233,7004,1,0
13753,0.121,9534,2,0
8122,0.329,16442,0,1
21949,0.147,46094,1,0
20590,0.482,39162,0,1
6337,0.574,5000,1,0
10248,0.549,10230,2,1
7148,0.015,8278,2,0
8405,0.014,15557,0,0
26935,0.417,53511,0,0
8486,0.347,14583,1,0
11850,0.547,24377,2,0
12973,0.025,16830,1,1
6001,0.114,9228,1,0
6453,0.272,5000,1,0
5415,0.149,7023,0,1
6355,0.357,8315,1,1
5000,0.06,8420,1,0
12994,0.233,15510,1,0
27642,0.5,24898,1,1
10656,0.14,9579,0,1
5000,0.219,5000,2,0
7176,0.349,13436,1,0
7868,0.335,13433,2,0
5950,0.273,9618,1,0
15215,0.156,23054,0,1
14840,0.151,17390,2,0
5554,0.037,11187,2,0
14221,0.046,33225,0,0
21235,0.143,28114,0,0
25623,0.539,32262,0,0
40000,0.409,29669,2,0
6304,0.041,11401,1,0
40000,0.029,62879,1,1
8290,0.114,20517,1,0
7359,0.188,11974,2,0
11655,0.201,11726,2,0
7398,0.366,11704,1,0
12082,0.256,29818,1,1
5115,0.239,9815,0,1
8783,0.323,5885,1,0
18822,0.285,21092,1,0
9618,0.331,9880,1,1
10623,0.059,23363,1,0
12551,0.252,21130,2,1
17771,0.081,37340,1,0
5000,0.502,5000,1,0
13256,0.125,30581,1,1
8655,0.218,5000,1,0
10757,0.435,12770,1,0
16814,0.196,7225,1,1
5447,0.066,5000,0,0
5965,0.065,14439,0,1
5000,0.136,5000,1,1
7520,0.407,5304,2,0
19249,0.579,45084,2,0
9318,0.135,17623,2,1
5064,0.237,6353,2,0
7763,0.47,5000,1,0
5000,0.187,10242,1,0
5638,0.578,8089,0,0
12020,0.151,12962,2,0
5503,0.114,6370,1,0
17262,0.317,25222,0,0
9551,0.061,14877,0,1
10329,0.199,21878,1,0
8611,0.31,17399,1,0
14565,0.369,29289,0,1
14640,0.106,28279,2,0
11702,0.127,23303,1,0
13126,0.315,23929,0,0
8901,0.155,19786,1,0
12979,0.369,20385,2,0
8358,0.119,12486,0,1
9908,0.444,18555,2,0
8627,0.242,6458,1,0
7874,0.449,15997,2,1
7012,0.531,16590,2,0
12504,0.508,12781,2,0
19059,0.618,32080,0,1
17775,0.424,8327,1,1
5280,0.123,10603,1,1
18856,0.091,29704,1,1
8441,0.277,15318,2,0
13364,0.311,9359,0,0
6291,0.364,13210,2,0
10625,0.359,9960,2,0
11577,0.271,21281,2,1
5000,0.268,8227,2,0
13415,0.291,23784,1,1
19398,0.221,9806,0,1
9069,0.355,17757,1,0
19537,0.164,40442,1,1
9001,0.406,12576,1,1
15135,0.032,19049,1,0
5000,0.162,5596,0,1
33169,0.479,77900,1,0
20904,0.422,41509,2,1
8584,0.081,16027,1,0
5000,0.289,11718,2,0
11430,0.377,12943,1,1
5000,0.382,8616,0,0
12362,0.557,22755,0,0
12158,0.257,30299,2,0
6181,0.118,8017,0,0
17335,0.105,21502,2,0
14805,0.07,8549,2,0
16121,0.228,9781,1,0
9941,0.076,14660,1,1
5000,0.128,5000,1,0
16138,0.302,8926,1,1
8645,0.259,20976,0,0
5000,0.083,11989,0,0
19458,0.111,21074,1,0
28274,0.268,58208,2,0
9695,0.108,21642,0,1
29131,0.359,40083,2,0
10359,0.476,9010,2,0
8182,0.314,5503,0,0
7221,0.7,5023,1,1
22438,0.323,46527,2,0
6700,0.538,8089,1,0
14294,0.21,26535,1,1
7483,0.579,11458,2,0
7862,0.049,9661,1,0
16566,0.131,10933,2,0
8184,0.114,9004,0,0
8083,0.188,17496,1,1
17437,0.04,36688,1,0
21997,0.285,10109,2,0
13661,0.353,9489,1,0
7133,0.19,14177,1,0
7667,0.105,8472,0,1
10300,0.195,18041,2,0
11619,0.538,18378,0,1
6039,0.253,10685,0,0
14207,0.829,7285,0,0
10329,0.38,24329,2,0
5000,0.084,5000,2,0
6220,0.038,5000,2,0
7691,0.515,6729,0,1
9543,0.068,23727,1,0
25454,0.348,14058,1,0
11148,0.626,24933,1,1
6500,0.264,5000,1,0
11051,0.456,6952,1,1
8299,0.071,16896,2,0
11642,0.259,25356,1,0
13230,0.26,27302,2,0
18117,0.122,16417,2,0
9777,0.52,21976,2,0
22459,0.28,12374,1,0
15584,0.1,17425,1,1
6948,0.29,9538,0,1
29879,0.273,16201,2,0
11655,0.202,18854,0,0
6518,0.112,10265,0,1
22616,0.125,56171,1,0
27970,0.373,47702,1,0
9735,0.322,12021,1,0
7693,0.043,15844,1,0
9079,0.385,10018,1,1
14148,0.301,21491,2,0
18749,0.167,9683,2,0
13164,0.107,14185,2,0
10413,0.248,15714,1,0
20931,0.476,39243,0,0
8464,0.266,5145,1,0
16571,0.321,34371,0,1
8569,0.106,19627,2,0
12277,0.084,12156,2,0
9350,0.408,18769,2,0
9624,0.401,7494,1,1
8195,0.313,12286,1,0
19388,0.147,40231,1,1
6860,0.132,8312,1,0
6835,0.138,5000,2,0
28580,0.54,43841,1,1
16137,0.409,35081,0,1
5000,0.183,5000,1,1
7460,0.178,5000,0,1
5000,0.236,10494,1,0
6152,0.411,5912,0,1
5000,0.254,5825,1,0
9241,0.363,5384,1,0
5591,0.212,5000,2,0
10198,0.497,17240,0,1
5000,0.339,7798,1,1
10316,0.348,10460,0,0
8042,0.52,10863,0,1
20972,0.273,25486,1,1
20043,0.091,37273,1,0
14656,0.449,32397,1,0
8405,0.434,16868,0,1
26707,0.361,10930,1,0
5000,0.259,5000,1,1
5000,0.196,6508,1,1
9491,0.296,20773,2,0
30546,0.3,27420,1,0
8944,0.465,20088,1,1
9030,0.451,5698,1,1
5000,0.158,5000,1,1
15882,0.212,36818,2,0
15940,0.238,11798,2,0
14684,0.309,20175,1,1
7225,0.323,7836,0,0
6951,0.098,5000,2,0
5184,0.342,8955,0,1
10321,0.162,25015,1,0
5766,0.184,10275,0,0
5493,0.236,6277,1,0
8007,0.213,15172,1,0
7749,0.146,5431,1,0
7562,0.387,12237,2,0
12496,0.135,17318,1,0
10296,0.4,11901,2,0
8569,0.171,16736,1,1
10845,0.032,7036,2,1
6028,0.279,9156,1,1
10432,0.142,22890,0,1
10671,0.321,8788,0,1
5000,0.136,5000,1,0
16282,0.344,29103,2,0
6369,0.233,12881,0,1
10354,0.419,10302,2,0
17715,0.401,20475,2,0
15722,0.108,30718,0,1
10068,0.092,10060,0,1
8256,0.027,14854,0,1
15894,0.432,11659,1,1
13868,0.143,17525,1,0
7264,0.083,13412,1,0
6651,0.366,9084,0,1
5000,0.266,5000,1,0
10689,0.065,13398,1,0
9496,0.12,9548,0,0
17467,0.744,10702,2,0
11843,0.579,5000,0,1
19285,0.504,9557,1,0
6983,0.273,16714,0,1
17484,0.332,34525,0,1
7597,0.331,18031,1,1
14600,0.389,9359,1,0
5000,0.186,7990,0,1
11131,0.469,6399,1,0
5000,0.33,5000,1,0
8659,0.032,11943,1,0
12334,0.318,21676,2,0
7627,0.459,5000,1,1
5853,0.239,6828,2,0
15109,0.098,8904,1,0
9398,0.017,10905,2,0
7748,0.597,10775,1,0
10106,0.189,11206,0,0
36987,0.277,59554,0,1
17619,0.58,28677,1,0
17699,0.364,19454,2,1
12305,0.226,14989,0,1
10756,0.499,14265,1,0
5000,0.11,5944,1,0
7048,0.157,14077,1,0
7783,0.089,5400,0,0
5000,0.216,10998,0,1
5548,0.116,6079,0,0
5000,0.722,9601,0,1
9709,0.074,21903,0,1
14903,0.085,33737,0,1
17212,0.128,23236,1,1
12178,0.617,11433,1,1
6113,0.097,10222,2,0
5000,0.215,5000,2,0
5000,0.112,10301,1,0
5247,0.127,9937,0,0
6345,0.395,13141,2,0
9137,0.209,11968,1,0
5960,0.606,9361,2,0
11725,0.153,7219,1,0
8811,0.588,16249,2,1
9949,0.083,14151,1,0
17502,0.146,25718,1,0
5485,0.119,11951,1,0
12201,0.252,24670,0,1
9828,0.145,14977,2,0
8377,0.403,9597,0,0
15407,0.447,20608,1,1
15359,0.381,17457,2,1
6165,0.113,5000,1,0
9035,0.246,15867,0,0
11391,0.318,21098,0,0
8634,0.301,21063,0,1
13260,0.082,17993,1,1
11391,0.041,28413,0,1
24742,0.183,19618,2,0
5000,0.038,8894,1,1
9309,0.531,23171,0,1
6283,0.238,10963,1,1
13387,0.38,18072,1,1
5000,0.292,7410,1,1
11768,0.166,25602,1,0
7222,0.06,17133,2,0
6856,0.209,9278,2,0
5000,0.256,10109,1,1
7843,0.211,18516,1,0
17021,0.486,16893,1,1
9773,0.429,14030,1,1
13545,0.398,33734,0,1
22750,0.339,25987,1,0
11292,0.187,19212,1,0
7484,0.377,13320,1,0
12501,0.584,9047,1,0
7539,0.21,15785,2,0
7690,0.402,9745,1,0
5000,0.372,7253,2,0
15726,0.273,27521,2,0
8159,0.201,10298,2,0
10840,0.398,11736,2,0
5895,0.174,9123,2,0
12307,0.188,13886,0,0
6761,0.151,8869,0,0
9220,0.433,5787,0,1
15350,0.225,33371,1,1
14696,0.437,18585,1,1
9788,0.127,5617,2,0
5000,0.331,10295,1,1
40000,0.42,17648,2,0
23692,0.389,39297,2,1
14204,0.188,26642,0,0
6791,0.493,5443,0,1
9350,0.219,6317,2,0
7542,0.199,5000,0,0
18618,0.586,46286,0,1
11285,0.287,22408,1,0
6686,0.149,7066,0,1
7821,0.096,8640,2,0
17336,0.255,30549,1,1
22027,0.095,29981,0,0
21251,0.436,20609,1,0
14450,0.297,7513,0,1
8722,0.196,17847,0,1
5000,0.115,11326,1,0
11482,0.093,9559,1,1
9888,0.345,5271,1,0
10614,0.089,6890,2,0
10167,0.302,12912,2,0
5099,0.244,5245,2,0
13078,0.101,7248,1,0
13576,0.736,18399,0,1
13921,0.162,11529,2,0
15887,0.15,8588,0,0
13386,0.47,23850,0,0
8062,0.251,12918,2,1
9552,0.161,20399,2,0
10358,0.359,10718,0,1
10444,0.37,7156,1,1
16303,0.471,18851,1,1
13654,0.058,27791,2,0
27963,0.231,25381,1,0
29828,0.112,27905,2,0
10299,0.271,7311,2,0
5000,0.051,12358,1,1
18368,0.293,44661,2,0
7553,0.342,13460,1,0
6629,0.21,5642,1,0
8109,0.237,16297,1,0
7916,0.26,12873,1,0
13441,0.101,26535,1,0
5000,0.15,11034,1,0
5774,0.052,6171,1,0
11749,0.286,27244,0,0
13513,0.365,30905,1,0
13640,0.144,21128,1,0
6677,0.274,12270,0,1
6068,0.155,7665,2,0
7682,0.033,13641,0,1
11158,0.444,17326,1,1
20800,0.185,22421,2,0
5000,0.237,5389,1,0
8862,0.263,15674,0,1
5083,0.049,12244,0,1
5000,0.448,5000,0,0
16050,0.391,19650,0,0
12994,0.158,27185,1,1
12390,0.265,8157,1,1
15685,0.257,39022,0,1
7786,0.055,14203,2,0
7971,0.203,18436,1,0
29521,0.055,63763,1,1
8749,0.238,17778,1,1
14293,0.056,6705,1,1
9928,0.403,12447,1,1
5000,0.407,5000,2,0
5000,0.215,11148,2,0
7409,0.244,13548,1,0
16781,0.405,10486,2,0
14678,0.26,16956,1,0
15631,0.064,8527,1,0
6041,0.321,11805,0,0
22201,0.286,28384,1,1
6109,0.072,5450,2,0
11008,0.402,16371,0,0
9846,0.213,5000,0,0
9073,0.141,8531,2,0
19327,0.055,14846,1,0
6956,0.397,16378,0,0
5040,0.468,6007,2,0
9996,0.331,16268,1,0
8103,0.319,11800,1,1
40000,0.271,71373,1,1
13880,0.392,13688,1,0
8065,0.555,5271,2,0
5836,0.05,5000,2,0
5000,0.137,5000,1,0
5927,0.154,8381,1,0
10482,0.127,9388,2,0
20204,0.182,26496,1,1
17341,0.137,8003,2,0
11098,0.535,19065,1,1
8420,0.262,18896,1,0
11320,0.122,5659,2,0
7636,0.112,6551,1,0
23369,0.168,24942,2,0
9003,0.296,9032,1,0
9478,0.223,5000,1,0
5000,0.28,5000,2,0
8975,0.029,20789,1,0
15036,0.368,28477,2,0
5803,0.416,14001,1,1
6799,0.499,9009,1,1
14711,0.486,33040,2,0
5000,0.311,10573,0,1
16796,0.512,37579,0,1
7585,0.025,5000,2,0
8149,0.121,14426,2,1
5642,0.461,8970,2,1
11956,0.258,18472,1,1
33858,0.517,49406,2,0
14628,0.19,30304,2,1
6424,0.428,15630,1,1
17462,0.372,37382,2,0
8447,0.211,18820,0,1
19677,0.04,27867,1,1
14814,0.159,27410,1,1
5000,0.201,6363,1,0
5990,0.474,6928,0,1
15870,0.24,36185,1,0
10676,0.266,24566,0,1
5932,0.325,10871,1,0
7209,0.086,15569,1,0
5000,0.411,5783,1,1
9469,0.413,12413,2,0
29891,0.64,63494,0,1
14801,0.457,18292,2,0
29590,0.437,14319,1,1
15385,0.429,17569,0,1
16543,0.279,20452,1,0
26556,0.145,19246,2,0
11951,0.169,13417,2,0
9012,0.221,21290,0,1
16586,0.303,36538,0,1
20474,0.11,27362,1,1
7785,0.234,14720,1,1
6899,0.288,5000,2,0
10608,0.35,21008,2,0
14999,0.276,20986,2,0
14750,0.323,28282,0,0
5000,0.135,8762,0,1
25740,0.446,22877,2,0
7182,0.064,15463,1,0
8668,0.123,13883,1,0
6302,0.358,12899,1,1
38145,0.301,22787,1,0
11170,0.094,18903,2,0
6467,0.352,6551,2,1
15244,0.162,33657,1,1
14538,0.071,34805,0,1
9010,0.134,5000,0,1
15067,0.091,28944,0,1
6550,0.037,5000,0,0
7735,0.407,17023,0,1
5000,0.116,5000,0,1
5105,0.348,5000,1,0
24436,0.578,22686,2,0
22487,0.044,43365,2,0
10228,0.339,10374,0,0
22730,0.248,37545,1,0
9135,0.167,14627,1,0
8763,0.594,10907,1,0
10180,0.438,15606,2,0
9297,0.631,6026,0,1
8887,0.232,19907,1,0
17530,0.409,14635,1,0
10668,0.204,23988,0,1
14132,0.279,21048,1,0
16575,0.282,28000,0,0
12017,0.556,11300,1,1
6092,0.312,5281,0,1
5031,0.433,7198,0,1
10661,0.054,10250,1,0
9084,0.135,11706,1,1
10339,0.277,13693,0,0
9818,0.151,9512,2,0
36018,0.533,36473,1,1
5089,0.498,12433,0,1
5000,0.369,8168,0,1
11686,0.108,25090,1,0
8199,0.167,5000,1,0
11591,0.291,5000,2,0
13252,0.127,19747,0,1
18808,0.148,40179,1,0
5000,0.323,8414,2,0
7492,0.335,12733,2,0
12263,0.393,8494,0,0
14548,0.618,35716,2,1
29635,0.385,44819,1,0
15960,0.178,9822,1,1
9620,0.216,12215,0,1
6340,0.459,5000,1,1
7464,0.314,9539,2,0
7358,0.331,13939,1,1
13733,0.214,14824,0,0
11254,0.381,11901,0,1
5106,0.344,7557,2,0
7958,0.126,11515,0,0
15348,0.103,21196,1,0
11799,0.413,17526,2,1
13151,0.304,6585,2,0
11985,0.194,16731,1,1
22319,0.405,55424,1,0
11136,0.13,22330,1,0
8159,0.077,8191,1,1
6261,0.045,11415,0,1
11212,0.241,12253,1,0
5000,0.621,5000,0,1
9025,0.113,18272,1,0
8929,0.315,7501,2,0
5002,0.183,11021,1,1
6222,0.155,7459,1,0
14836,0.433,29514,2,0
11107,0.311,10498,1,1
10413,0.176,18440,0,0
11535,0.027,9762,1,0
10366,0.212,5000,1,0
18424,0.086,38887,0,1
10527,0.102,23138,1,0
5000,0.135,11246,1,0
22360,0.155,10648,2,0
11910,0.519,23796,1,1
7371,0.289,15887,0,0
5288,0.282,5577,1,0
12063,0.569,16743,1,1
9333,0.401,11729,0,1
21743,0.261,28793,2,0
8325,0.48,18133,1,0
6511,0.405,8318,1,1
15489,0.46,16030,2,0
15719,0.28,10591,1,0
10767,0.303,19567,1,0
13879,0.177,8006,2,0
9712,0.322,5132,1,1
11124,0.213,20373,1,1
17720,0.185,32925,2,1
13529,0.442,11068,1,0
9093,0.288,21917,1,1
19461,0.667,39981,2,1
5000,0.163,9207,0,0
27612,0.064,54787,2,0
5000,0.423,6324,2,0
7233,0.308,9814,1,0
9696,0.293,21598,0,1
9198,0.078,5000,1,0
16369,0.019,34132,1,0
5831,0.175,7813,1,0
11275,0.251,15496,0,0
7412,0.515,8034,1,1
11470,0.076,19212,1,0
9581,0.332,17428,1,1
10367,0.095,7647,2,0
7517,0.271,11938,0,0
7669,0.693,10555,0,1
11425,0.238,23331,0,0
15864,0.096,24512,2,0
7338,0.13,9555,1,1
6410,0.262,9683,2,0
13449,0.141,19235,2,0
9737,0.452,23018,0,1
14991,0.361,15815,1,1
6292,0.606,5000,1,1
5000,0.196,8950,1,1
7581,0.391,12646,1,0
6746,0.194,15591,1,1
9514,0.255,6153,2,0
7198,0.051,10779,1,0
14335,0.162,10273,1,0
8569,0.486,11628,1,1
10670,0.253,22180,0,1
10708,0.503,23564,1,1
10910,0.523,23469,1,0
9778,0.424,15152,0,1
12775,0.605,22118,2,1
6648,0.323,10360,2,1
19924,0.224,31452,0,1
8793,0.229,19862,1,1
5137,0.327,5000,0,1
10872,0.417,14367,0,1
6466,0.274,10871,1,0
13803,0.291,27706,1,0
29875,0.347,59750,0,1
6678,0.446,5000,0,1
11686,0.145,10120,1,0
5000,0.092,11570,1,1
12418,0.452,14291,2,0
6355,0.136,5000,0,0
7241,0.082,5934,0,0
5706,0.203,13901,2,0
14272,0.212,14992,1,0
16377,0.551,27658,0,1
10013,0.418,19285,1,1
6423,0.516,11292,1,1
21911,0.262,26137,2,0
6800,0.233,8867,0,0
5000,0.235,10798,2,0
12446,0.141,22302,1,0
5696,0.141,5000,2,0
16224,0.248,13422,2,0
8179,0.384,8189,0,1
13384,0.473,15626,2,1
19945,0.456,32141,0,0
5407,0.226,6325,0,1
7457,0.079,15904,1,0
9529,0.544,13294,2,1
21349,0.15,31054,1,0
7121,0.303,9239,2,1
7352,0.128,7734,1,0
12570,0.477,24160,2,0
7415,0.244,6541,1,0
10681,0.329,19738,0,1
5000,0.303,7561,2,0
29946,0.063,18409,0,0
5044,0.015,5000,1,0
8426,0.378,6368,2,0
9737,0.199,19457,2,0
25753,0.415,31101,1,0
5102,0.212,10666,1,1
26684,0.119,38799,1,0
14452,0.44,6774,1,1
12192,0.762,26539,2,0
6049,0.269,14313,0,1
13168,0.418,7319,1,0
6892,0.214,5773,1,0
18644,0.376,35475,1,0
6090,0.176,15189,0,0
9352,0.253,20952,0,1
7497,0.208,5000,2,0
6040,0.285,10118,1,0
14337,0.29,25764,1,1
12935,0.13,22310,2,0
18115,0.311,28856,0,1
5000,0.177,5068,1,0
16849,0.17,30394,1,0
34638,0.29,66843,1,1
7896,0.155,12706,1,1
25529,0.45,36864,1,0
8676,0.026,7461,1,0
5000,0.241,7719,1,0
8494,0.344,5685,2,0
16715,0.422,9238,1,0
6508,0.278,13235,2,0
7330,0.448,13343,0,0
13316,0.098,23476,0,1
9912,0.209,23284,1,1
13257,0.225,15903,1,1
11146,0.247,13815,1,0
12579,0.371,15961,1,1
7973,0.041,10979,0,1
11112,0.44,16413,0,1
6224,0.371,12660,1,1
18849,0.085,16156,2,0
7207,0.056,9453,1,0
17403,0.668,25422,1,1
8806,0.406,6649,0,0
10948,0.13,20519,1,1
7727,0.208,5000,1,0
5955,0.115,9709,0,0
5000,0.372,5000,0,0
5839,0.552,5000,1,1
8417,0.434,8948,0,1
11003,0.207,14317,0,1
16402,0.418,34713,2,0
7919,0.37,9951,1,0
6367,0.502,14788,1,0
5000,0.314,10846,1,0
12582,0.382,10125,2,1
19763,0.335,14368,2,0
18641,0.213,17002,1,0
14114,0.353,16307,0,1
13619,0.59,22136,0,1
23128,0.184,15277,1,0
11684,0.48,17729,1,1
13671,0.058,22142,1,0
8430,0.611,15072,1,1
5008,0.238,7789,2,0
7030,0.33,14996,2,0
9851,0.227,17214,2,1
10202,0.072,23889,0,1
25929,0.218,48538,2,0
10307,0.431,13563,1,1
17843,0.51,14994,1,1
7962,0.517,5000,0,1
8468,0.444,5000,2,0
5092,0.536,5000,0,1
6828,0.195,5834,0,0
12880,0.469,25224,0,1
9934,0.177,12028,1,0
15858,0.103,17151,1,0
10835,0.411,5526,2,1
8298,0.244,12705,1,1
28973,0.528,48882,1,1
9443,0.225,21185,1,0
17703,0.328,25775,0,1
8098,0.202,5000,1,1
14112,0.232,7579,0,0
15740,0.536,15254,1,1
10984,0.428,7604,2,0
5000,0.278,10091,0,1
9987,0.582,6257,1,1
18310,0.356,13506,0,0
12883,0.285,23194,1,0
12368,0.24,11171,1,1
5000,0.259,12175,2,0
6903,0.145,15275,2,0
12157,0.349,23871,2,0
12151,0.199,13616,0,1
18166,0.358,9432,1,0
9205,0.084,10185,2,0
12123,0.158,14440,1,0
9978,0.296,6661,2,0
6042,0.67,5000,1,1
5000,0.247,9015,1,0
12277,0.42,10902,0,1
10796,0.27,19690,0,0
7265,0.385,11272,1,1
5000,0.326,11465,1,1
13559,0.473,28123,1,0
8664,0.23,6220,0,1
13074,0.253,21983,2,0
25135,0.077,44528,2,0
5000,0.101,11051,1,1
6975,0.17,12179,1,0
8913,0.31,6199,0,1
20484,0.382,19311,1,1
5000,0.333,8694,2,1
26054,0.234,60317,1,1
10592,0.605,24069,2,0
9433,0.326,10888,1,1
8963,0.718,19222,1,1
7957,0.062,11726,1,1
16714,0.115,22985,1,1
5800,0.116,6594,2,0
11762,0.252,21458,1,0
8167,0.436,13551,2,0
6761,0.538,8023,2,0
36061,0.198,72194,2,0
12204,0.033,14603,2,0
13448,0.451,21883,1,1
17481,0.278,21397,2,0
5000,0.043,5000,2,0
23769,0.056,17553,2,0
5000,0.509,8895,0,1
6738,0.423,14175,2,1
7867,0.229,10886,1,0
13238,0.223,14346,1,1
11040,0.199,12218,2,0
9105,0.426,15069,1,1
9837,0.158,13597,1,0
6069,0.458,5000,1,1
5000,0.198,10100,0,0
14232,0.228,9946,0,0
14000,0.324,25440,1,0
21856,0.283,24541,2,0
6667,0.125,10759,2,0
13994,0.075,30728,0,1
8588,0.124,6217,1,1
17948,0.328,36489,2,1
16497,0.056,7926,1,0
10999,0.161,25682,2,0
8351,0.245,6876,2,0
16001,0.334,33096,1,1
13676,0.065,7401,2,0
7028,0.051,7638,1,0
5095,0.066,8817,1,0
8567,0.157,15280,2,0
21114,0.092,39431,2,1
17557,0.252,19959,1,1
5675,0.368,10207,2,0
5519,0.295,7175,2,0
18719,0.077,29735,2,0
5609,0.556,8689,0,1
12767,0.124,9615,2,0
7273,0.179,15840,2,1
22214,0.41,49339,2,1
6733,0.212,5573,2,0
17530,0.523,22346,2,1
10855,0.481,14939,0,1
11227,0.421,17432,2,0
5000,0.491,5000,0,1
5000,0.288,9967,2,0
8863,0.468,19589,2,0
11197,0.156,7822,0,1
5638,0.272,12872,2,0
5742,0.172,12558,2,0
13104,0.572,20164,2,1
13113,0.615,12811,0,1
9238,0.14,7720,2,0
14619,0.439,20864,1,1
5502,0.117,8061,1,1
8283,0.274,14653,2,0
22560,0.659,47002,1,1
10241,0.113,24194,2,1
10542,0.159,21845,2,0
31350,0.415,72387,0,1
5000,0.507,7243,1,0
14738,0.633,7098,1,0
22742,0.13,11572,1,1
8413,0.625,8108,1,1
15211,0.409,25698,2,1
6057,0.174,6686,1,1
7020,0.141,5257,2,0
11997,0.267,26227,1,0
14754,0.258,36420,1,1
17334,0.232,7539,1,0
21694,0.182,12751,2,1
9568,0.124,13861,1,1
17976,0.131,19937,1,0
8340,0.212,17035,0,0
15538,0.273,27564,1,0
10979,0.325,5971,2,0
12367,0.233,19098,1,0
12231,0.16,13536,2,1
5000,0.199,12133,0,0
5641,0.073,7887,0,0
10417,0.298,24461,1,0
5000,0.142,5000,1,0
14997,0.087,9251,2,0
15302,0.468,18533,2,1
11656,0.312,26373,2,0
5650,0.35,8721,2,0
19733,0.327,42045,2,0
27408,0.612,27282,2,1
10652,0.282,6755,1,0
12775,0.074,11710,1,1
10947,0.323,19214,2,0
12902,0.051,28772,1,0
9322,0.313,12637,0,1
9727,0.162,7846,0,1
15566,0.188,27069,1,0
31978,0.218,26016,0,1
5000,0.421,7988,1,1
9396,0.165,5777,2,0
5484,0.112,11537,2,0
21938,0.521,45870,1,0
7377,0.307,11335,2,0
5000,0.231,5000,0,1
13617,0.299,13459,2,0
23674,0.213,16344,1,0
13791,0.112,20676,1,0
10964,0.293,6728,2,0
12143,0.181,27037,0,0
20078,0.438,43879,1,1
6392,0.168,5000,1,0
9358,0.153,17400,1,1
7892,0.091,14700,2,1
5519,0.707,6806,2,1
8398,0.273,6057,1,0
17220,0.172,11665,2,0
13138,0.155,25658,2,0
13659,0.03,11779,1,0
10649,0.448,17754,0,1
12857,0.554,28521,1,1
6632,0.447,10913,0,1
8478,0.1,20731,1,0
10894,0.161,19125,1,1
11370,0.131,12060,0,0
11615,0.304,25440,0,1
9235,0.2,9724,1,0
8195,0.308,19998,0,1
40000,0.164,56129,1,0
15574,0.308,37407,2,0
12168,0.296,9558,0,1
8807,0.161,5000,1,0
7898,0.061,6412,2,0
9270,0.555,5623,2,0
11457,0.517,22242,0,1
5000,0.226,5000,1,1
5000,0.222,8714,2,0
7198,0.163,12986,1,0
10977,0.371,20256,0,1
8781,0.243,18866,0,0
20724,0.377,14772,1,0
5000,0.115,5000,1,0
6797,0.096,5000,0,1
21163,0.208,13078,2,0
10567,0.349,12642,1,1
15404,0.595,37456,1,1
27601,0.411,31514,0,1
6996,0.377,9452,2,1
9417,0.328,19873,2,0
8636,0.216,20115,0,0
5000,0.191,12200,1,1
8474,0.218,18097,2,0
15375,0.123,22375,1,0
12968,0.4,11437,0,0
13487,0.349,22343,2,0
8202,0.088,6671,1,1
7129,0.082,5000,1,1
18669,0.292,43511,1,0
7718,0.127,10944,1,0
11464,0.163,16822,1,0
10739,0.228,18035,1,1
20554,0.169,27707,1,0
16086,0.057,21447,1,0
5179,0.258,12024,0,0
5465,0.487,11558,1,0
13219,0.317,11189,2,0
9583,0.285,9705,2,0
7882,0.3,14088,0,1
16445,0.527,26301,1,1
10869,0.178,21836,2,0
10160,0.503,19589,0,1
14616,0.471,27595,2,0
8204,0.148,18447,0,1
21682,0.176,43576,2,0
6674,0.231,6073,1,0
13745,0.479,30693,2,0
20270,0.361,22391,2,0
5000,0.224,11564,2,0
8335,0.289,17763,1,0
17520,0.223,9733,1,0
17652,0.478,35652,1,1
9083,0.38,13173,0,1
6854,0.28,16806,1,0
15962,0.152,21751,2,0
17886,0.536,9671,1,0
5528,0.36,5614,2,0
5421,0.288,7066,0,1
11077,0.226,18199,0,0
13557,0.285,9753,1,1
8522,0.394,12627,2,0
13900,0.28,19672,0,0
6939,0.149,14967,1,0
5000,0.056,5175,2,0
8006,0.202,10761,2,0
10215,0.581,12422,0,0
8622,0.204,14896,1,0
5545,0.037,11955,1,0
5000,0.421,9094,2,0
7653,0.458,10536,2,0
15503,0.159,26967,1,1
18547,0.364,19970,1,0
17923,0.354,12593,2,0
6581,0.118,7051,0,0
5558,0.141,7402,1,0
12686,0.415,16777,1,1
13596,0.232,26498,2,0
12089,0.499,28607,0,0
5000,0.26,6084,1,0
6416,0.501,5000,1,0
9751,0.252,5000,0,0
12627,0.426,5155,2,0
14525,0.26,34425,1,0
10637,0.354,26495,2,0
11677,0.095,5930,1,1
10326,0.197,11898,0,1
13944,0.24,25177,0,1
11573,0.192,8978,1,0
10227,0.261,16858,2,0
8654,0.47,18248,1,0
10307,0.016,22697,1,0
12610,0.093,23751,2,0
11313,0.392,6467,0,0
11973,0.157,13549,2,0
19367,0.575,47090,1,1
11300,0.365,9094,1,0
7154,0.031,9681,1,0
15395,0.09,16961,0,0
5000,0.296,5000,0,0
5763,0.479,6221,2,0
11706,0.189,9341,0,1
12812,0.169,28729,1,0
5310,0.125,5000,2,0
8172,0.615,13971,1,1
7309,0.381,17388,0,0
7759,0.269,18626,0,1
15863,0.084,26348,1,0
14090,0.061,13651,1,0
9802,0.185,9024,1,0
7532,0.251,14837,2,0
5040,0.149,12395,0,1
20132,0.216,11333,1,0
13307,0.268,27384,2,0
6951,0.142,5000,2,0
14183,0.092,14554,1,0
9555,0.221,15192,1,0
8573,0.412,8780,1,1
12303,0.081,21721,0,0
6831,0.18,8717,1,0
8334,0.204,7168,0,0
10516,0.329,15932,2,0
7710,0.225,5000,2,0
13829,0.188,27053,1,0
25198,0.13,37717,0,1
6787,0.248,16209,2,0
5000,0.451,5000,1,0
5000,0.377,9689,0,0
9179,0.135,9473,1,0
7104,0.064,8408,1,0
10981,0.404,12428,2,0
10575,0.068,12181,1,1
5000,0.31,6523,1,1
5000,0.032,5000,1,0
11475,0.575,24995,2,0
10590,0.044,23847,2,0
7999,0.365,5000,1,1
5000,0.419,10148,0,1
12527,0.107,6912,1,0
18693,0.168,39189,0,1
11372,0.329,19189,2,0
6478,0.362,6759,2,1
10120,0.104,17094,1,0
5000,0.139,7319,0,0
16797,0.522,29144,1,1
10310,0.129,14417,2,0
5000,0.163,10115,1,0
8515,0.24,5000,1,1
12477,0.112,14011,0,0
8378,0.128,13192,2,0
8621,0.332,14099,2,0
5365,0.122,5000,1,0
13138,0.219,7311,1,1
7156,0.273,5000,1,0
5000,0.338,6336,2,0
8220,0.054,8991,1,1
16164,0.41,25740,2,0
8156,0.461,10961,2,1
23599,0.333,28969,2,0
12264,0.567,26626,1,1
11723,0.189,19991,2,1
9281,0.082,16306,1,0
9564,0.411,11495,0,1
8675,0.098,17623,2,0
8508,0.086,6121,2,1
12905,0.24,16057,0,0
6198,0.053,5000,1,0
5779,0.199,5000,2,0
5644,0.234,5000,1,1
27524,0.344,36525,1,0
12902,0.503,24055,1,1
11524,0.435,12177,2,0
5832,0.118,5000,1,0
13516,0.132,25480,1,1
9336,0.222,7801,0,0
11015,0.199,21124,2,1
6073,0.317,5000,1,0
10722,0.159,11322,2,0
8007,0.39,13648,1,1
6749,0.238,15047,2,0
14286,0.328,28339,0,1
5000,0.429,6721,0,1
13126,0.282,25056,1,0
13936,0.295,21306,0,1
6375,0.463,13439,1,1
6567,0.506,13274,1,1
8852,0.145,21683,0,0
11396,0.351,7069,1,0
9168,0.361,10227,0,1
12292,0.342,9883,2,0
23896,0.788,41212,1,1
7678,0.178,13778,2,1
5000,0.331,5000,1,0
14957,0.077,19224,1,0
22963,0.237,38222,1,0
12044,0.191,21485,1,0
5745,0.079,5000,2,0
9302,0.076,21714,1,0
5657,0.55,5000,1,0
13649,0.376,33347,0,0
5035,0.072,5359,2,0
8517,0.142,9065,2,0
5989,0.27,8006,1,1
10545,0.158,19607,1,1
8240,0.304,6058,1,0
10811,0.276,10113,0,1
10008,0.137,24213,1,0
6043,0.17,13544,0,1
13540,0.073,11455,1,0
9658,0.412,15486,0,1
6037,0.504,5000,1,1
30347,0.065,47193,0,0
12559,0.074,14670,1,0
9167,0.314,10643,2,0
20082,0.599,34815,1,1
24857,0.223,23089,1,1
9203,0.108,11494,0,0
11774,0.339,27588,0,1
6039,0.676,11995,1,0
9194,0.406,11078,2,1
8959,0.231,7916,1,0
10855,0.322,19365,0,0
11688,0.114,24501,1,0
13094,0.332,28906,1,0
11145,0.255,17666,0,1
5402,0.38,8024,2,0
6190,0.381,11831,2,0
7531,0.391,5792,0,0
8594,0.332,18817,1,0
16737,0.552,9293,1,1
5533,0.525,9220,0,1
8277,0.187,13561,2,1
15938,0.127,16775,2,0
8519,0.315,5000,1,0
12459,0.29,23765,1,1
9230,0.565,5000,1,1
11253,0.348,8745,0,0
8828,0.392,13621,0,1
13815,0.378,32797,2,0
5000,0.586,5000,2,0
8253,0.017,13332,2,1
11479,0.04,12520,0,1
12924,0.289,23338,2,0
20878,0.038,50131,2,0
8139,0.387,7846,2,0
20738,0.192,49926,1,1
7118,0.122,15862,1,1
19231,0.141,32209,2,0
14894,0.516,29673,1,1
6268,0.202,13892,0,0
11539,0.259,24085,2,0
9646,0.134,10477,0,1
13531,0.233,28504,2,0
8851,0.257,9368,1,1
8487,0.187,18850,1,0
19624,0.084,18378,2,0
9420,0.335,15089,0,1
14961,0.05,27754,2,0
8842,0.603,11443,1,1
22773,0.241,46553,1,1
7050,0.161,16520,0,1
7280,0.125,5759,2,0
21210,0.524,9973,1,0
7923,0.549,13593,1,1
22038,0.397,36684,0,1
15458,0.295,17263,2,0
9160,0.107,18774,0,0
5000,0.275,10674,2,0
9801,0.188,10754,1,0
10413,0.097,19084,1,1
17740,0.402,31014,1,1
21899,0.09,24517,2,0
7026,0.178,17112,1,0
14773,0.145,16656,2,0
14511,0.177,24707,0,1
16927,0.283,20283,2,0
12699,0.27,5395,0,1
5000,0.274,5000,2,0
9157,0.529,8130,0,1
5553,0.265,11692,2,0
8943,0.281,11880,2,1
16155,0.288,26431,1,1
11528,0.14,27461,1,1
17571,0.481,12453,2,0
11741,0.215,25946,2,0
5171,0.37,6186,2,0
5000,0.164,5543,2,0
10661,0.419,18269,1,1
8893,0.145,20339,1,0
6072,0.453,6873,1,0
5000,0.061,9994,1,1
6854,0.127,5000,1,1
8979,0.723,15342,1,1
13807,0.427,23805,2,0
10876,0.199,17050,2,0
22115,0.248,52401,1,0
5896,0.39,13982,1,0
15375,0.275,17194,0,1
10133,0.52,13765,1,1
14007,0.154,28910,0,0
7956,0.28,17283,2,0
16913,0.329,21610,2,0
11471,0.309,12996,2,0
7046,0.216,14961,1,1
9837,0.24,11721,1,0
8779,0.28,10983,1,1
12639,0.562,8653,1,0
5486,0.193,8450,2,0
9752,0.5,10587,2,1
12060,0.493,19781,1,1
10061,0.451,13495,0,1
19408,0.147,38255,0,1
14574,0.219,14331,1,1
9860,0.35,7505,1,0
11029,0.423,20694,0,1
11473,0.364,13845,1,0
12108,0.398,19174,0,1
5000,0.118,11881,0,0
8512,0.137,12058,2,0
5000,0.142,5000,2,1
18753,0.254,24306,0,0
9600,0.335,13487,1,0
8985,0.164,18047,1,0
15496,0.496,12550,0,1
12224,0.445,13794,0,1
5628,0.51,5000,0,1
9552,0.683,17902,2,0
8370,0.164,16424,1,0
5000,0.332,6800,1,1
7008,0.192,10725,1,0
9029,0.04,17829,1,1
9344,0.222,9002,1,0
5000,0.723,8373,1,1
17603,0.625,42674,1,0
9404,0.193,16756,1,0
10084,0.229,5688,0,0
12092,0.196,12207,1,0
6673,0.181,9945,1,0
12433,0.301,6871,1,0
8237,0.398,14998,1,1
6321,0.319,11213,2,0
13183,0.023,29534,1,0
20865,0.092,30254,2,0
14220,0.226,26356,2,1
15701,0.086,12282,2,0
7628,0.134,5000,1,0
5000,0.238,5000,1,1
20849,0.144,11063,0,1
27646,0.027,35891,1,0
21405,0.318,29613,1,0
8367,0.074,14671,0,0
5556,0.058,5000,2,0
5808,0.213,5000,1,0
5000,0.215,10382,2,0
9379,0.365,15107,1,0
22089,0.259,10197,1,1
9220,0.361,20115,1,1
11512,0.236,19830,1,0
19688,0.191,15592,1,1
8086,0.371,7515,2,0
27385,0.1,42788,0,1
26797,0.016,42277,0,1
9269,0.092,19380,0,1
7414,0.327,8549,2,1
14025,0.305,21788,1,0
8318,0.262,13503,2,0
5550,0.039,8732,1,1
18781,0.165,10388,1,0
18182,0.309,22976,2,0
10697,0.247,11891,1,1
5263,0.138,13079,2,0
5352,0.388,7374,1,1
10442,0.185,13720,1,0
7708,0.159,10913,0,1
8345,0.289,19448,0,1
16497,0.188,27783,1,0
14279,0.606,17381,1,0
19713,0.286,45665,1,0
6031,0.306,14189,1,0
8336,0.272,7961,1,0
14465,0.027,17736,0,1
12382,0.331,30084,1,0
21294,0.259,32712,2,0
12213,0.06,15958,1,0
24935,0.041,20206,0,1
12965,0.393,15652,2,1
16832,0.224,29046,1,1
8418,0.278,5000,1,0
9968,0.639,5731,0,1
15606,0.27,6418,2,1
22169,0.061,19060,1,0
14251,0.364,11177,1,0
9493,0.519,20760,2,0
19705,0.199,15547,1,0
5000,0.297,8942,0,1
5000,0.318,5000,2,1
13916,0.131,22912,0,0
9967,0.551,13104,1,1
13396,0.43,16855,1,1
10221,0.126,22473,2,0
13167,0.461,9904,1,0
6586,0.153,10867,2,0
13164,0.262,27985,2,0
16272,0.441,30903,0,1
18220,0.35,44912,2,0
27086,0.411,10954,1,0
11181,0.089,25239,0,0
11349,0.453,19161,0,1
5000,0.281,5000,2,0
7587,0.074,10452,2,0
8986,0.355,18077,2,0
16733,0.267,13108,2,0
7291,0.083,13306,0,1
14737,0.132,10217,0,1
9889,0.254,20641,1,0
9058,0.372,14436,0,1
11208,0.255,5281,1,0
8138,0.502,5000,0,0
7986,0.225,17682,1,1
5000,0.138,5000,1,0
8743,0.383,8978,0,1
7785,0.717,12382,1,1
7646,0.071,6485,1,0
12190,0.119,10616,0,1
13757,0.197,27922,1,1
11115,0.428,11238,1,0
16280,0.292,7831,0,1
13197,0.3,25264,1,0
8539,0.379,20530,1,1
7852,0.171,16859,1,1
11572,0.252,17960,2,1
13185,0.108,17039,1,1
19908,0.295,46643,1,0
17954,0.485,36071,2,0
7549,0.278,12067,2,0
9405,0.439,21138,1,1
13842,0.381,23028,0,1
16881,0.102,41265,1,0
15827,0.201,34857,2,0
9586,0.542,14915,1,1
5286,0.53,12360,1,0
6006,0.254,6721,1,0
11342,0.058,21232,2,0
11744,0.267,8921,2,0
5713,0.208,13029,0,1
10120,0.216,9319,1,1
13569,0.257,32472,1,0
5565,0.075,5000,1,0
17197,0.068,31502,2,0
8194,0.284,5860,1,0
18560,0.033,37468,1,0
7580,0.182,10862,2,0
5923,0.338,13684,0,0
7870,0.347,14967,2,0
9437,0.723,19000,2,1
8149,0.338,5321,0,1
8883,0.446,5355,1,0
11695,0.399,25568,1,1
9085,0.066,7941,0,1
9575,0.29,21262,1,0
5000,0.392,5000,2,0
12038,0.116,12613,0,1
9465,0.189,22247,0,1
22140,0.341,47898,1,0
6187,0.272,5000,2,0
5000,0.154,6705,1,1
13480,0.431,31150,0,0
11769,0.293,5072,2,0
5977,0.283,5000,2,0
5000,0.56,8774,1,0
21347,0.19,13245,0,0
20071,0.186,26947,1,0
5000,0.201,7332,0,0
7870,0.237,17366,0,1
22744,0.161,54827,0,1
7800,0.313,11511,2,1
7744,0.255,11397,0,1
8592,0.384,16551,1,1
5650,0.457,5000,0,1
5000,0.291,11879,1,0
16752,0.43,6742,2,0
5000,0.501,5000,0,1
11199,0.277,19195,2,0
15417,0.632,17223,0,1
5000,0.358,6180,0,0
6234,0.4,5393,2,0
18152,0.01,22807,2,0
12918,0.164,27630,2,0
7268,0.385,13581,2,1
18054,0.66,10810,2,0
18092,0.067,9390,2,0
11322,0.302,16564,0,1
6310,0.292,12199,2,0
8048,0.442,14450,1,1
11420,0.508,25293,1,1
9006,0.307,6123,0,1
15827,0.284,26464,1,0
5000,0.471,10043,1,0
5000,0.063,11847,2,0
10833,0.579,6628,1,0
7740,0.295,6991,0,1
7233,0.351,8279,1,1
5000,0.234,7677,1,1
9994,0.187,12573,2,0
9639,0.134,21287,0,0
13721,0.648,32878,0,1
10244,0.232,5605,1,0
9262,0.664,17314,1,0
17827,0.199,11409,1,0
5134,0.208,11736,0,0
12941,0.431,9038,1,1
5000,0.172,12410,2,0
6508,0.404,8449,2,0
5397,0.026,6488,2,0
14632,0.278,23867,2,0
9578,0.159,11764,0,0
9830,0.071,8777,1,0
5690,0.221,9795,1,0
8519,0.559,16439,2,1
6756,0.084,16115,0,1
11988,0.284,15095,1,0
6029,0.156,11348,0,1
19242,0.184,41383,1,0
5000,0.176,10729,2,0
6612,0.241,5000,2,0
22893,0.117,26258,2,0
7961,0.201,5000,0,1
5128,0.048,8072,2,1
11042,0.42,24478,1,1
7803,0.109,16475,2,0
6516,0.209,13707,1,0
5721,0.345,6516,1,1
39505,0.784,19645,1,1
8727,0.072,6650,0,0
5000,0.098,9042,2,0
20886,0.772,14225,1,1
13433,0.183,8909,0,1
6746,0.049,7709,0,0
6207,0.305,5000,1,1
13859,0.243,15142,0,0
8747,0.265,21312,1,1
5000,0.23,5000,1,1
24188,0.24,51862,0,1
7966,0.595,19809,0,1
20905,0.201,27521,1,0
18755,0.068,44644,1,0
5999,0.431,5690,0,1
16590,0.075,40859,0,1
7145,0.181,15786,1,0
5000,0.402,11289,0,1
8004,0.331,5393,2,0
12074,0.093,26890,2,0
7852,0.112,18672,1,0
8488,0.256,17995,1,1
17531,0.404,10376,2,1
10438,0.546,6033,1,0
6492,0.236,7472,2,0
14058,0.466,26435,2,0
10925,0.496,5000,0,1
5000,0.383,11981,2,0
12260,0.073,18433,1,1
12039,0.177,13876,1,0
9997,0.197,15781,0,1
15457,0.477,29417,0,1
7071,0.263,6886,1,0
11710,0.561,11843,0,1
5000,0.469,6915,1,1
12131,0.44,21919,0,1
26279,0.297,49493,2,0
6018,0.196,6502,0,0
6768,0.265,7291,2,0
6939,0.453,9874,2,0
10561,0.368,16244,0,1
5816,0.161,10259,1,0
12217,0.059,20735,2,0
15114,0.279,17869,2,0
12928,0.281,13231,0,1
5000,0.345,5233,0,0
16278,0.313,28573,0,1
15814,0.326,20710,1,0
14989,0.494,10224,0,0
11925,0.473,5000,1,0
11048,0.316,5108,1,1
16584,0.416,36846,1,0
25893,0.223,35252,2,0
6145,0.322,10942,2,0
16967,0.455,39890,0,1
9479,0.345,6305,2,0
9275,0.026,12429,1,0
5000,0.253,7660,2,0
8583,0.743,18602,1,0
6011,0.05,14948,1,0
7848,0.343,14869,2,0
5715,0.298,9989,0,1
7907,0.394,18445,0,1
8078,0.515,17437,0,1
10387,0.144,23025,2,0
5000,0.383,5000,2,0
5000,0.119,7401,2,0
11860,0.355,24239,2,0
6642,0.214,5188,2,1
16937,0.066,33502,1,1
11077,0.321,5000,0,0
13404,0.395,21553,1,1
20037,0.308,43837,1,1
8477,0.083,11069,1,0
7426,0.15,14502,2,0
15303,0.616,23167,0,1
12768,0.173,22464,0,1
9012,0.078,13383,1,1
19845,0.2,27768,1,1
8900,0.247,19291,1,0
10060,0.342,5983,1,0
10002,0.414,16282,1,1
6202,0.189,5000,0,0
10288,0.241,16275,2,0
19898,0.322,48224,2,1
12363,0.385,6427,2,0
10052,0.354,12929,2,0
9128,0.285,19024,2,0
11677,0.451,13737,1,0
14398,0.328,21492,2,0
13421,0.382,8601,1,0
8383,0.134,7281,1,0
11642,0.171,21439,2,0
12581,0.532,26924,0,1
5981,0.354,10512,0,1
10765,0.625,23227,2,0
5000,0.247,8359,1,1
12597,0.12,26473,1,0
13768,0.672,33927,2,1
14382,0.398,8254,0,1
8123,0.486,11431,2,0
11550,0.151,9226,1,0
20170,0.495,27774,2,0
20068,0.213,29081,1,0
9753,0.534,16640,1,1
10611,0.09,14033,1,0
17248,0.222,18660,2,0
5000,0.503,5000,0,1
8420,0.389,5000,2,0
19298,0.042,14811,0,0
16116,0.223,21642,2,0
11904,0.386,15198,1,0
5000,0.456,5000,1,1
9653,0.148,20531,2,0
7369,0.087,13524,2,0
11678,0.123,13087,1,0
6603,0.091,13692,1,1
5926,0.524,14681,1,0
5000,0.197,5000,0,1
18231,0.329,21174,2,0
8104,0.263,20139,1,0
10706,0.179,7382,1,0
9886,0.157,5556,2,0
5803,0.475,8671,1,0
5273,0.19,7297,2,1
5986,0.311,5000,1,0
6894,0.209,6956,1,0
11888,0.305,15214,0,1
6648,0.519,14138,1,1
23700,0.204,44709,0,1
16540,0.147,38382,2,1
14826,0.232,16283,0,0
9322,0.24,9785,1,0
21102,0.267,28966,1,1
8875,0.021,5000,2,0
9743,0.042,8139,1,0
10775,0.22,9095,2,0
14057,0.189,7426,0,1
13608,0.467,18450,0,1
7804,0.347,17962,1,0
7581,0.194,5000,0,0
13628,0.28,23437,2,0
14152,0.442,31794,1,1
8130,0.232,5087,0,1
5000,0.698,11631,2,0
8922,0.396,18906,2,0
13517,0.486,11498,1,1
24409,0.343,56170,1,0
5437,0.085,11355,1,0
7996,0.149,5068,1,1
8146,0.327,17467,2,1
19494,0.076,29994,1,0
9725,0.152,20555,0,1
6287,0.254,10670,0,1
13086,0.184,16003,1,0
8084,0.197,13439,1,0
5365,0.625,9314,0,1
6333,0.161,12724,1,0
23553,0.41,50508,1,1
11993,0.481,21500,0,1
10445,0.23,25885,0,0
8734,0.384,17774,2,1
11453,0.162,26488,2,0
11385,0.56,12193,2,0
11453,0.409,12187,1,0
10482,0.224,12168,2,0
15281,0.024,20223,0,0
10012,0.392,24218,1,1
6069,0.12,5000,2,0
7286,0.223,10541,0,1
5000,0.388,5000,1,1
27266,0.23,57337,2,0
15235,0.384,7090,2,0
6535,0.263,8860,0,1
8596,0.2,10564,1,0
7198,0.037,5000,1,0
21402,0.445,25492,2,0
5000,0.325,10494,2,0
10480,0.587,7217,1,1
9374,0.053,23111,2,0
14964,0.128,7822,1,0
9395,0.259,9462,2,0
5000,0.197,10136,1,1
8729,0.189,10045,2,0
6087,0.121,8575,1,1
10298,0.292,8156,1,0
20273,0.352,38571,1,1
5000,0.222,5000,2,0
6633,0.525,14476,1,1
7507,0.386,11508,0,1
8177,0.172,12684,2,1
14329,0.176,33822,1,0
9074,0.195,18360,1,0
12184,0.326,23888,2,1
7238,0.253,15937,1,0
11102,0.245,6581,0,0
14601,0.404,28103,0,1
6862,0.548,6105,2,0
14627,0.547,14481,1,1
10159,0.216,5000,0,1
16692,0.349,38006,1,1
8948,0.409,17469,1,0
11975,0.19,8293,2,0
9698,0.426,10557,2,0
9432,0.334,13279,1,0
11265,0.362,16190,1,0
12944,0.477,21369,1,0
5298,0.534,7373,1,1
20268,0.253,35716,1,1
5000,0.343,11280,1,1
7027,0.406,8685,1,1
9441,0.276,21159,2,0
12163,0.101,10474,0,1
21765,0.215,14254,1,0
5000,0.12,5000,2,0
7678,0.153,6402,0,0
5000,0.244,12343,1,0
10054,0.358,12067,2,0
11337,0.266,20045,1,1
21925,0.296,40818,2,0
10512,0.343,14033,2,0
16680,0.13,14503,1,0
13252,0.562,17492,0,1
7961,0.13,11105,1,0
5000,0.053,12017,2,0
11355,0.524,18102,2,0
5000,0.188,12183,1,0
18912,0.256,30470,2,0
9126,0.284,6429,2,0
17990,0.153,21717,0,1
7784,0.17,16066,1,0
11321,0.156,14552,2,0
10989,0.376,6697,1,0
9676,0.072,5823,1,0
7971,0.186,7157,2,0
12042,0.166,19100,2,0
6228,0.31,13350,1,1
5406,0.184,8221,1,1
18424,0.436,36235,1,1
14236,0.083,24996,1,0
10228,0.006,15349,2,0
22755,0.298,19367,1,0
8656,0.251,19518,0,0
19174,0.302,18772,0,1
10805,0.255,10058,0,1
5929,0.005,5581,1,0
24934,0.268,14984,1,0
16241,0.37,23504,0,1
9316,0.278,10134,1,0
14236,0.332,21299,2,0
8088,0.251,10931,0,0
14981,0.075,22345,1,0
5000,0.427,5125,1,0
5943,0.4,12551,1,0
16149,0.043,24576,1,0
8735,0.542,7317,1,1
10979,0.128,25184,0,0
5047,0.402,5000,1,1
24932,0.174,48374,1,0
17948,0.363,32751,0,1
8952,0.558,5000,2,0
8084,0.484,18538,2,0
16560,0.064,17625,1,0
26668,0.284,52160,1,1
15944,0.394,15652,2,0
29316,0.342,44090,0,0
6240,0.397,15238,2,1
6570,0.107,11055,1,1
5461,0.553,5583,1,0
12343,0.294,16819,2,0
10805,0.23,19662,1,1
9173,0.331,12245,1,0
14833,0.051,34303,1,0
18327,0.199,40717,2,0
5000,0.122,5000,1,1
7343,0.31,15041,0,0
14914,0.535,35482,1,1
7833,0.308,8346,0,1
6640,0.312,5977,0,0
16469,0.4,6919,0,0
5193,0.022,5000,2,0
8511,0.087,20580,2,0
11664,0.722,14246,1,0
7428,0.185,9013,1,0
14640,0.275,14055,1,0
7446,0.215,5544,0,1
20016,0.581,29393,2,1
9294,0.568,17832,1,1
13844,0.33,21551,0,0
14371,0.307,6818,1,0
7231,0.194,15094,1,1
5000,0.223,11781,2,0
11853,0.352,15703,2,0
10261,0.166,12001,0,1
13067,0.314,11534,2,0
8837,0.11,9137,0,1
7980,0.467,13992,0,1
27017,0.31,54502,0,1
5000,0.37,5488,0,0
14285,0.547,15903,0,1
7425,0.121,10004,0,1
8367,0.2,6337,2,0
8446,0.152,19823,1,1
6622,0.511,12460,1,1
13168,0.233,17258,1,0
19837,0.204,13028,2,0
12519,0.466,27323,1,1
10422,0.32,14755,1,0
6043,0.378,12531,2,0
12815,0.084,6024,1,0
29090,0.408,28353,1,0
8181,0.478,13961,1,1
8200,0.29,11683,0,1
7476,0.239,7622,1,1
7748,0.513,6372,2,0
5000,0.609,5169,1,1
12118,0.313,23739,2,0
6484,0.309,5095,1,0
5000,0.155,8235,1,0
14423,0.425,18602,1,0
5761,0.228,11537,0,0
8355,0.382,6879,1,1
20603,0.236,19927,2,0
5000,0.381,6186,1,0
5000,0.45,5000,1,0
11323,0.096,15496,1,0
17583,0.192,22396,0,0
5000,0.124,12395,1,0
12134,0.537,19987,1,0
13233,0.269,7223,0,1
5000,0.152,6829,2,0
14753,0.319,33119,1,1
15341,0.288,34060,1,1
8468,0.615,20491,2,0
18511,0.421,42168,0,1
17469,0.312,13455,1,0
10420,0.076,5000,1,0
7897,0.388,13379,2,1
6085,0.12,11410,1,0
9712,0.318,6561,2,0
13159,0.295,9874,1,0
8416,0.467,20387,2,0
5000,0.291,11910,2,0
18664,0.37,13618,2,0
10884,0.448,9999,1,0
8186,0.508,18610,1,1
15192,0.062,19955,2,0
21211,0.308,44034,1,0
5000,0.83,6157,1,1
12297,0.373,23935,0,1
5000,0.183,6166,2,0
12702,0.392,29066,2,0
10550,0.159,11434,2,0
13600,0.485,20381,2,0
7710,0.213,11532,2,1
5000,0.214,8813,0,1
7901,0.319,8249,2,0
12129,0.444,21222,2,0
16443,0.295,11447,2,0
5508,0.524,12541,1,0
16539,0.143,11623,2,1
7158,0.535,15495,0,0
11863,0.09,22014,0,1
7669,0.207,8561,2,0
10840,0.054,11790,1,0
15458,0.542,37544,0,1
5358,0.181,5000,1,1
7044,0.577,13513,2,0
10856,0.529,8529,2,1
32885,0.406,75680,0,0
6427,0.121,12586,1,0
27448,0.089,64742,2,0
26962,0.182,60561,2,0
9427,0.192,14649,1,1
8526,0.424,6136,1,0
7002,0.626,6057,1,1
9565,0.049,7880,1,0
5000,0.082,5000,0,1
9526,0.61,13342,1,1
20919,0.313,46490,1,0
7291,0.559,5000,1,1
8774,0.235,7904,1,0
5000,0.099,8266,2,1
11932,0.183,26456,0,1
11296,0.026,11575,1,0
10217,0.187,12294,1,0
8880,0.589,10515,1,0
8549,0.277,8692,1,0
12720,0.358,23753,1,0
9755,0.258,17337,1,1
11585,0.09,25150,2,0
11020,0.547,25643,1,1
17356,0.534,39763,0,0
13884,0.34,21302,2,0
10899,0.135,8609,0,1
21146,0.171,18323,1,1
12211,0.301,20021,1,1
19005,0.654,44256,2,0
13406,0.24,20295,1,0
5000,0.127,11825,1,1
19004,0.752,18067,1,1
10589,0.097,6155,1,0
9643,0.271,19983,2,0
11392,0.195,25594,0,0
8329,0.153,11169,2,0
11086,0.26,6819,1,0
7361,0.187,5000,2,1
18716,0.357,9945,1,0
9350,0.105,12362,2,1
8173,0.222,7300,2,1
6232,0.507,8538,1,0
11320,0.194,16141,1,0
10867,0.32,14801,2,0
12018,0.258,20453,1,1
5921,0.14,10817,2,0
5000,0.173,6157,2,0
13531,0.134,14990,0,1
20791,0.466,24402,0,1
5924,0.338,5000,2,0
21910,0.365,23563,2,0
11406,0.37,9351,1,1
9862,0.233,9968,0,0
8113,0.349,15416,2,0
5000,0.198,12379,2,0
16217,0.314,37940,2,0
6715,0.514,14273,0,1
6701,0.134,13055,0,1
16251,0.117,38750,1,0
5000,0.145,9896,2,0
5000,0.126,6945,2,0
9807,0.38,16308,1,0
11460,0.153,11943,0,0
12611,0.32,5132,0,0
8510,0.462,9724,2,0
35072,0.279,43846,1,1
8831,0.263,17128,2,0
8818,0.103,19439,1,0
6644,0.405,16089,0,1
10529,0.388,11990,1,1
13460,0.119,32445,1,0
18066,0.197,37554,1,0
5000,0.112,5000,2,0
8751,0.145,14440,1,0
12373,0.444,14450,2,0
13273,0.174,6257,0,1
9929,0.489,15054,1,0
12980,0.094,21133,1,0
6604,0.29,6140,0,0
21567,0.224,51196,1,0
16257,0.312,27344,2,0
5051,0.517,5000,0,1
5781,0.086,11069,0,0
5863,0.372,8491,1,0
13890,0.093,19360,2,0
5206,0.224,11206,2,0
8387,0.328,5788,2,0
12423,0.239,17779,1,0
9575,0.016,19529,0,1
11264,0.677,20128,0,1
5808,0.25,5000,1,0
13325,0.601,27365,2,0
7283,0.418,17362,1,0
8414,0.029,15817,1,0
11146,0.41,24961,1,0
10420,0.071,12063,1,0
10016,0.507,11381,2,0
6800,0.047,7302,2,0
8520,0.294,16558,0,0
9907,0.447,23564,2,0
5000,0.203,11296,1,1
7853,0.023,5618,2,0
12014,0.471,20602,1,1
5225,0.153,13019,1,0
17646,0.252,18004,1,0
18672,0.474,32360,2,0
5310,0.109,12234,0,0
19512,0.347,44665,1,1
9211,0.045,9903,1,1
12200,0.324,7286,2,0
7720,0.068,13562,0,1
15701,0.334,37505,1,1
12125,0.428,17784,1,1
6587,0.342,8966,1,1
5526,0.467,12238,0,1
5000,0.238,6458,1,1
10872,0.245,19895,0,1
13177,0.551,16025,2,1
13704,0.5,16335,0,1
9330,0.136,7411,2,0
5549,0.316,5000,1,0
7037,0.314,15895,0,1
17609,0.137,13745,0,1
7767,0.438,5000,1,0
10632,0.28,17255,1,1
5780,0.314,8939,1,0
11711,0.556,18647,0,1
7872,0.558,10888,1,0
16703,0.182,11659,1,0
14570,0.3,6468,2,0
7724,0.093,5000,1,1
9289,0.441,22115,1,0
7513,0.232,11397,1,0
5000,0.03,6197,2,1
6446,0.521,8140,0,1
10928,0.223,19338,2,0
11644,0.231,13869,1,1
10660,0.465,22093,0,1
8511,0.427,8050,2,0
15780,0.171,18482,2,0
10216,0.367,24146,2,1
14067,0.188,13316,1,0
5000,0.344,8946,2,1
5000,0.161,5827,0,0
11405,0.174,15848,1,0
5000,0.158,5000,0,0
8899,0.324,6685,1,1
8509,0.458,5225,0,0
21888,0.233,47582,1,1
12088,0.206,29248,0,1
10752,0.102,5836,1,0
15040,0.184,8443,0,1
11899,0.412,18557,0,0
7872,0.621,11482,1,1
16911,0.208,29868,1,0
5682,0.264,11065,1,1
11633,0.208,24129,1,0
5000,0.582,5000,2,1
10959,0.297,5254,0,1
10899,0.107,24712,1,1
22884,0.091,31719,1,0
5000,0.201,12198,1,0
7328,0.227,11130,1,0
14933,0.249,21967,1,1
11703,0.154,19992,2,0
10830,0.147,8202,1,0
6136,0.25,5727,2,0
7365,0.153,16957,1,0
18444,0.39,15601,2,0
9645,0.202,8577,2,0
11940,0.152,17563,1,1
9343,0.288,16317,2,0
5477,0.16,5000,1,0
15786,0.308,21457,2,0
12728,0.237,15757,0,1
31345,0.347,69517,2,0
5956,0.36,12885,2,0
14932,0.374,34380,2,0
5137,0.164,11138,1,0
10707,0.377,21972,1,1
16127,0.22,35542,1,1
5000,0.403,5000,2,1
8933,0.466,9967,2,0
7468,0.588,13708,1,1
6967,0.168,16294,1,0
11999,0.228,21604,1,0
17332,0.185,14502,1,0
9259,0.217,22071,0,1
10968,0.131,21900,0,1
10479,0.293,19960,0,1
9906,0.42,19824,1,1
5740,0.518,10242,2,1
17226,0.164,7690,1,0
11471,0.185,10698,2,0
12057,0.377,29044,2,1
6612,0.231,6652,1,0
7866,0.235,15893,1,0
9062,0.368,11703,1,0
5000,0.139,11529,0,0
5000,0.146,7855,2,0
7329,0.224,12657,2,0
12852,0.441,11608,2,0
7139,0.257,5000,0,0
5946,0.47,11826,1,1
6585,0.206,5000,1,1
7881,0.171,15100,1,0
8292,0.61,12990,0,1
29224,0.031,62015,1,0
16769,0.423,13954,1,0
16520,0.279,25396,2,0
17752,0.159,29997,2,0
6006,0.151,5000,1,1
5371,0.344,10483,1,1
5690,0.83,6925,2,0
19288,0.294,12937,1,0
7528,0.197,9130,1,1
5293,0.131,5000,1,0
7978,0.186,18069,1,0
8784,0.234,11939,1,1
11318,0.192,7808,2,0
11220,0.527,10428,2,0
6541,0.265,12571,0,1
13944,0.251,28596,1,1
7189,0.336,5000,0,0
9153,0.038,5000,1,1
13952,0.623,32453,1,1
7180,0.524,7862,0,1
7445,0.046,6000,2,0
13304,0.336,8759,0,0
6445,0.387,9020,1,0
8164,0.334,16486,2,0
13067,0.238,19527,1,0
27640,0.051,12256,2,0
13395,0.206,18971,1,1
12535,0.277,13218,2,0
12905,0.186,23668,1,0
5787,0.21,8677,0,1
10486,0.226,25451,1,0
9750,0.511,16148,1,0
11623,0.225,20088,1,1
10490,0.103,15657,2,1
11966,0.497,12601,0,1
8469,0.181,14604,1,1
10191,0.638,11201,2,0
5356,0.587,10211,2,1
8434,0.436,7568,1,1
19839,0.274,23253,0,1
11607,0.362,18869,2,0
9794,0.216,16844,2,0
25541,0.433,46079,0,1
5011,0.165,9375,0,0
5683,0.37,6072,2,0
23303,0.633,53001,1,1
10127,0.384,5000,0,1
8766,0.341,6975,1,1
5433,0.327,5000,1,0
12380,0.187,22410,2,0
12993,0.328,12665,0,0
5725,0.246,5000,1,1
9226,0.093,13004,0,1
8368,0.406,14226,0,1
11248,0.655,19127,1,0
5655,0.399,8882,2,1
18508,0.138,45959,1,1
15645,0.128,34520,1,0
8253,0.601,7441,1,0
8882,0.668,17704,1,1
9244,0.409,14749,2,0
6706,0.245,5000,1,1
7929,0.034,5000,0,1
8646,0.173,17976,0,0
22168,0.38,34239,1,0
15887,0.089,25417,2,0
15793,0.212,17469,0,0
11907,0.179,28028,0,1
5660,0.284,10744,1,0
9693,0.352,22764,0,1
16078,0.165,9783,2,0
5275,0.278,8577,0,1
13606,0.068,23658,1,0
31612,0.317,21009,0,1
16829,0.361,18969,1,1
20070,0.48,17081,1,1
11038,0.105,27236,2,0
16058,0.145,24748,1,1
6912,0.502,7341,0,1
14734,0.108,26454,0,1
13728,0.483,24505,2,1
11440,0.177,12921,1,1
19110,0.21,47532,0,1
7559,0.198,15866,1,1
9013,0.471,11182,0,1
10380,0.29,18541,1,0
5914,0.464,11191,2,1
11086,0.356,8481,1,0
5000,0.074,11220,2,0
16705,0.179,35660,1,0
10130,0.253,20128,1,0
7627,0.135,6618,0,1
6521,0.373,5000,1,0
8801,0.282,6857,1,0
13962,0.183,8312,0,1
13015,0.203,30905,0,1
6955,0.425,15218,1,1
6483,0.462,5000,0,1
13745,0.305,25067,1,0
6896,0.574,6315,1,1
10198,0.161,5000,1,0
10528,0.62,10676,1,1
11568,0.258,15317,1,0
15201,0.272,6720,0,1
5263,0.458,5683,2,0
5000,0.052,9353,1,0
7452,0.358,6555,1,0
24361,0.39,34551,1,0
27203,0.31,61585,1,1
24725,0.064,11364,1,0
8986,0.419,18421,0,1
5000,0.135,6030,2,0
5000,0.271,7682,1,0
7280,0.111,6442,1,1
8963,0.622,14483,1,1
18964,0.249,36685,1,1
15273,0.564,12573,0,1
11088,0.441,12429,1,1
6342,0.175,10094,1,0
6121,0.566,7806,2,0
11238,0.195,11413,2,0
14024,0.147,18911,2,1
12039,0.02,12168,2,0
5899,0.558,6100,1,0
13702,0.017,23052,1,0
12246,0.228,17166,0,1
5794,0.51,10556,1,0
6686,0.249,14433,1,0
13964,0.217,33237,1,0
8802,0.13,6318,1,0
21907,0.195,37570,1,0
12715,0.33,20637,1,1
7759,0.092,17230,1,0
9846,0.305,22464,0,1
10215,0.178,20401,2,0
6876,0.371,11348,2,0
6271,0.561,5132,0,1
14054,0.329,13786,1,0
15102,0.416,25158,1,1
13385,0.225,9270,0,0
21113,0.45,16601,1,0
7548,0.079,17467,2,0
22859,0.276,55052,1,0
6307,0.142,5000,0,0
5964,0.298,13189,1,0
5000,0.18,11849,1,0
7919,0.36,11911,2,0
7693,0.42,10330,1,0
12874,0.185,29989,2,0
11180,0.171,5000,0,1
5450,0.269,11801,2,0
8132,0.081,8318,1,0
8219,0.379,14354,2,0
5000,0.152,5393,0,1
6060,0.435,9079,1,0
6731,0.499,14119,0,1
20268,0.124,15822,1,0
10891,0.199,19541,2,0
13781,0.208,31511,1,0
5000,0.327,11461,2,0
17981,0.27,40955,0,1
18968,0.469,28240,2,0
5000,0.117,10060,1,1
6955,0.325,9309,1,0
12681,0.056,17326,1,0
13659,0.462,13606,2,0
